,sp_P40136_CYAA_BACAN:0-33,sp_P21130_SACB_BACAM:0-34,sp_P05655_SACB_BACSU:0-34,sp_P13423_PAG_BACAN:0-25,sp_P39848_LYTD_BACSU:0-32,sp_Q02114_LYTC_BACSU:0-29,sp_P80172_HBLA_BACCE:0-26,sp_P42111_YXAL_BACSU:0-29,sp_P54507_TASA_BACSU:0-32,sp_P55278_MANB_BACIU:0-29,sp_O05512_MANB_BACSU:0-26,sp_P00780_SUBC_BACLI:0-34,sp_P00782_SUBT_BACAM:0-28,sp_P04189_SUBT_BACSU:0-34,sp_P35835_SUBN_BACNA:0-34,sp_P00783_SUBT_BACSA:0-34,sp_P94356_YXKC_BACSU:0-29,sp_P40767_CWLO_BACSU:0-23,sp_P20724_ELYA_BACYA:0-32,sp_P25152_BSAP_BACSU:0-29,sp_P00649_RN_BACIN:0-34,sp_P48068_RN_BACPU:0-34,sp_P00648_RNBR_BACAM:0-33,sp_P71014_BSLA_BACSU:0-33,sp_O31411_SACC_BACL7:0-28,sp_Q45071_XYND_BACSU:0-31,sp_P00691_AMY_BACSU:0-31,sp_B1B6T1_PTLY_BACSP:0-27,sp_Q65DC2_PTLY_BACLD:0-27,sp_Q8GCB2_PTLY_BACLI:0-27,sp_P29141_SUBV_BACSU:0-33,sp_P16397_SUBF_BACSU:0-34,sp_P39632_BSLB_BACSU:0-35,sp_P80057_GSEP_BACLD:0-35,sp_P96729_YWSB_BACSU:0-26,sp_P39790_MPR_BACSU:0-39,sp_Q59HN7_PHRH_BACSU:0-26,sp_O31737_YLQB_BACSU:0-32,sp_Q45670_THES_BACSJ:0-29,sp_Q02113_CWBA_BACSU:0-30,sp_P94217_SLAP2_BACAN:0-34,sp_Q9RMZ0_Y6545_BACAN:0-33,sp_P42293_EABN2_BACSU:0-31,sp_P94522_EABN1_BACSU:0-37,sp_Q79F14_ESTB_BACSU:0-25,sp_P37957_ESTA_BACSU:0-36,sp_Q5U780_LIP_BACSP:0-33,sp_O34310_PLYC_BACSU:0-32,sp_Q65EF5_PLYC_BACLD:0-26,sp_O07532_LYTF_BACSU:0-31,sp_P54421_LYTE_BACSU:0-30,sp_O34669_YOCH_BACSU:0-30,sp_P54423_WPRA_BACSU:0-34,sp_P39844_DACC_BACSU:0-34,sp_Q9AQS0_XANLY_BACGL:0-30,sp_Q07833_WAPA_BACSU:0-37,sp_G4NYJ6_WAPA_BACS4:0-37,sp_P68569_BDBA_BACSU:0-22,sp_P96600_DCTB_BACSU:0-23,sp_O34918_YOAJ_BACSU:0-30,sp_P39116_PLY_BACSU:0-26,sp_P94576_YWOF_BACSU:0-24,sp_Q03091_BSN1_BACAM:0-31,sp_O32150_BSN2_BACSU:0-31,sp_P38422_DACF_BACSU:0-28,sp_P08750_DACA_BACSU:0-36,sp_P39824_BLAC_BACSU:0-29,sp_P04957_GUB_BACSU:0-33,sp_O07013_GANB_BACSU:0-29,sp_Q45070_XYNC_BACSU:0-37,sp_Q6YK37_XYNC_BACIU:0-38,sp_P54484_YQGA_BACSU:0-33,sp_Q45105_TACY_BACCE:0-33,sp_P40406_NAGZ_BACSU:0-31,sp_P06832_NPRE_BACAM:0-32,sp_P68735_NPRE_BACSA:0-32,sp_P68736_NPRE_BACSU:0-32,sp_O34344_SDPC_BACSU:0-30,sp_P39899_NPRB_BACSU:0-33,sp_P05806_NPRE_BACCE:0-32,sp_P00800_THER_BACTH:0-33,sp_Q59223_THER_BACSO:0-30,sp_P28842_SUBT_BACS9:0-31,sp_P33377_PHL3_BACCE:0-32,sp_P11889_PHL2_BACCE:0-32,sp_P09599_PHL1_BACCE:0-32,sp_P05618_CDGT_BACS0:0-32,sp_P09121_CDGT_BACS3:0-32,sp_P30921_CDGT_BAC11:0-32,sp_P17692_CDGT_BACS8:0-32,sp_P31747_CDGT_BACSS:0-36,sp_P14014_CDGT_BACLI:0-36,sp_P31746_CDGT_BACS2:0-34,sp_P27036_CDGT_BACOH:0-34,sp_O07921_CHIS_BACSU:0-40,sp_P94449_PEL2_BACIU:0-29,sp_O34819_PEL1_BACSU:0-29,sp_O32041_YRVJ_BACSU:0-32,sp_O34313_NTPES_BACSU:0-40,sp_P96740_PGDS_BACSU:0-32,sp_P16396_SUBE_BACSU:0-32,sp_O82833_GELLY_BACSP:0-33,sp_O66037_PHYT_BACSD:0-31,sp_O31097_PHYC_BACIU:0-31,sp_P42094_PHYT_BACSU:0-31,sp_P05656_SACC_BACSU:0-29,sp_P06278_AMY_BACLI:0-34,sp_P00692_AMY_BACAM:0-36,sp_P19571_AMT6_BACS7:0-38,sp_O31526_YESW_BACSU:0-40,sp_P54422_GGT_BACSU:0-33,sp_P63186_GGT_BACNA:0-33,sp_P42983_NUCB_BACSU:0-31
sp_P40136_CYAA_BACAN:0-33,,,,,,,,,,,,,,,,,,,,,,,,,,,,,,,,,,,,,,,,,,,,,,,,,,,,,,,,,,,,,,,,,,,,,,,,,,,,,,,,,,,,,,,,,,,,,,,,,,,,,,,,,,,,,,,,,
sp_P21130_SACB_BACAM:0-34,2.31742129,,,,,,,,,,,,,,,,,,,,,,,,,,,,,,,,,,,,,,,,,,,,,,,,,,,,,,,,,,,,,,,,,,,,,,,,,,,,,,,,,,,,,,,,,,,,,,,,,,,,,,,,,,,,,,,,
sp_P05655_SACB_BACSU:0-34,2.18821559,0.14713103,,,,,,,,,,,,,,,,,,,,,,,,,,,,,,,,,,,,,,,,,,,,,,,,,,,,,,,,,,,,,,,,,,,,,,,,,,,,,,,,,,,,,,,,,,,,,,,,,,,,,,,,,,,,,,,
sp_P13423_PAG_BACAN:0-25,5.90037626,4.17842911,5.10537372,,,,,,,,,,,,,,,,,,,,,,,,,,,,,,,,,,,,,,,,,,,,,,,,,,,,,,,,,,,,,,,,,,,,,,,,,,,,,,,,,,,,,,,,,,,,,,,,,,,,,,,,,,,,,,
sp_P39848_LYTD_BACSU:0-32,3.18704547,3.56649859,2.86257734,7.74579231,,,,,,,,,,,,,,,,,,,,,,,,,,,,,,,,,,,,,,,,,,,,,,,,,,,,,,,,,,,,,,,,,,,,,,,,,,,,,,,,,,,,,,,,,,,,,,,,,,,,,,,,,,,,,
sp_Q02114_LYTC_BACSU:0-29,2.13446288,2.18537031,2.01743713,3.05822052,3.02740574,,,,,,,,,,,,,,,,,,,,,,,,,,,,,,,,,,,,,,,,,,,,,,,,,,,,,,,,,,,,,,,,,,,,,,,,,,,,,,,,,,,,,,,,,,,,,,,,,,,,,,,,,,,,
sp_P80172_HBLA_BACCE:0-26,2.75395349,44.01895919,43.98560579,5.14154285,3.94956514,8.90078820,,,,,,,,,,,,,,,,,,,,,,,,,,,,,,,,,,,,,,,,,,,,,,,,,,,,,,,,,,,,,,,,,,,,,,,,,,,,,,,,,,,,,,,,,,,,,,,,,,,,,,,,,,,
sp_P42111_YXAL_BACSU:0-29,7.17687681,38.81797967,39.76767144,3.10530890,3.10943496,3.69806724,1.83068761,,,,,,,,,,,,,,,,,,,,,,,,,,,,,,,,,,,,,,,,,,,,,,,,,,,,,,,,,,,,,,,,,,,,,,,,,,,,,,,,,,,,,,,,,,,,,,,,,,,,,,,,,,
sp_P54507_TASA_BACSU:0-32,4.82966077,8.43156451,8.41194352,3.69265389,2.39629423,9.07509547,1.54339152,2.10798017,,,,,,,,,,,,,,,,,,,,,,,,,,,,,,,,,,,,,,,,,,,,,,,,,,,,,,,,,,,,,,,,,,,,,,,,,,,,,,,,,,,,,,,,,,,,,,,,,,,,,,,,,
sp_P55278_MANB_BACIU:0-29,7.85649114,6.23432877,7.48505588,2.07794511,39.03563585,50.29124112,2.30131467,3.76692590,39.50277563,,,,,,,,,,,,,,,,,,,,,,,,,,,,,,,,,,,,,,,,,,,,,,,,,,,,,,,,,,,,,,,,,,,,,,,,,,,,,,,,,,,,,,,,,,,,,,,,,,,,,,,,
sp_O05512_MANB_BACSU:0-26,52.89286446,51.86401219,51.33082753,2.35742169,42.16010489,48.97578764,3.13130761,2.32666728,9.48789938,0.14378122,,,,,,,,,,,,,,,,,,,,,,,,,,,,,,,,,,,,,,,,,,,,,,,,,,,,,,,,,,,,,,,,,,,,,,,,,,,,,,,,,,,,,,,,,,,,,,,,,,,,,,,
sp_P00780_SUBC_BACLI:0-34,31.41899021,43.59671145,6.37116069,10.14392063,23.40924263,3.31075160,2.60261043,1.45988356,25.56636215,5.27344565,3.68223119,,,,,,,,,,,,,,,,,,,,,,,,,,,,,,,,,,,,,,,,,,,,,,,,,,,,,,,,,,,,,,,,,,,,,,,,,,,,,,,,,,,,,,,,,,,,,,,,,,,,,,
sp_P00782_SUBT_BACAM:0-28,17.99052034,8.35667991,3.66787241,4.76243665,4.72013669,2.50974611,2.87138511,1.43476433,31.53584015,1.49976150,1.12855192,0.82651405,,,,,,,,,,,,,,,,,,,,,,,,,,,,,,,,,,,,,,,,,,,,,,,,,,,,,,,,,,,,,,,,,,,,,,,,,,,,,,,,,,,,,,,,,,,,,,,,,,,,,
sp_P04189_SUBT_BACSU:0-34,25.57635755,43.54053194,43.42429839,5.44719239,2.78262877,6.80708357,1.87654650,1.80015732,35.50524258,2.40704280,1.22419708,0.90097865,0.15429425,,,,,,,,,,,,,,,,,,,,,,,,,,,,,,,,,,,,,,,,,,,,,,,,,,,,,,,,,,,,,,,,,,,,,,,,,,,,,,,,,,,,,,,,,,,,,,,,,,,,
sp_P35835_SUBN_BACNA:0-34,25.57635755,43.54053194,43.42429839,5.44719239,2.78262877,6.80708357,1.87654650,1.80015732,35.50524258,2.40704280,1.22419708,0.90097865,0.15429425,0.00000100,,,,,,,,,,,,,,,,,,,,,,,,,,,,,,,,,,,,,,,,,,,,,,,,,,,,,,,,,,,,,,,,,,,,,,,,,,,,,,,,,,,,,,,,,,,,,,,,,,,
sp_P00783_SUBT_BACSA:0-34,25.57635755,43.54053194,43.42429839,5.44719239,2.78262877,6.80708357,1.87654650,1.80015732,35.50524258,2.40704280,1.22419708,0.90097865,0.15429425,0.00000100,0.00000100,,,,,,,,,,,,,,,,,,,,,,,,,,,,,,,,,,,,,,,,,,,,,,,,,,,,,,,,,,,,,,,,,,,,,,,,,,,,,,,,,,,,,,,,,,,,,,,,,,
sp_P94356_YXKC_BACSU:0-29,10.32287619,3.85654895,2.19485340,7.26710129,2.43136301,40.89475078,1.69770136,22.23178559,9.69875460,4.78024581,2.40427403,1.91069437,1.80125014,1.21920926,1.21920926,1.21920926,,,,,,,,,,,,,,,,,,,,,,,,,,,,,,,,,,,,,,,,,,,,,,,,,,,,,,,,,,,,,,,,,,,,,,,,,,,,,,,,,,,,,,,,,,,,,,,,,
sp_P40767_CWLO_BACSU:0-23,2.29273909,6.92119118,3.63570866,6.21319761,6.22955306,43.71077346,1.82011851,3.77323522,22.20131812,4.43525680,3.67370811,1.70788305,3.02324799,2.34528078,2.34528078,2.34528078,4.85720828,,,,,,,,,,,,,,,,,,,,,,,,,,,,,,,,,,,,,,,,,,,,,,,,,,,,,,,,,,,,,,,,,,,,,,,,,,,,,,,,,,,,,,,,,,,,,,,,
sp_P20724_ELYA_BACYA:0-32,4.54920196,10.73848379,10.04279689,4.47885289,2.94026638,?,?,3.32733513,41.56948047,1.90052743,?,2.57180194,1.06411042,1.39987413,1.39987413,1.39987413,1.87980288,2.67561032,,,,,,,,,,,,,,,,,,,,,,,,,,,,,,,,,,,,,,,,,,,,,,,,,,,,,,,,,,,,,,,,,,,,,,,,,,,,,,,,,,,,,,,,,,,,,,,
sp_P25152_BSAP_BACSU:0-29,3.81537945,3.56690880,3.09483963,4.97572706,15.91153826,5.06778129,1.52346762,1.83365798,34.44809874,1.58864469,1.28335383,1.90445593,1.36140608,2.12430948,2.12430948,2.12430948,3.40803014,3.59019406,4.70514113,,,,,,,,,,,,,,,,,,,,,,,,,,,,,,,,,,,,,,,,,,,,,,,,,,,,,,,,,,,,,,,,,,,,,,,,,,,,,,,,,,,,,,,,,,,,,,
sp_P00649_RN_BACIN:0-34,9.14345144,6.26374156,5.57446193,5.05673102,7.06804988,6.63460907,4.93855222,1.96832253,3.87432224,2.66824243,1.60633146,5.03488360,4.71063612,4.90197055,4.90197055,4.90197055,8.51848054,2.73113141,3.22371144,40.47041015,,,,,,,,,,,,,,,,,,,,,,,,,,,,,,,,,,,,,,,,,,,,,,,,,,,,,,,,,,,,,,,,,,,,,,,,,,,,,,,,,,,,,,,,,,,,,
sp_P48068_RN_BACPU:0-34,8.33473201,7.55274566,7.07005826,5.41836956,8.45900213,6.94813768,1.91755155,1.87222862,4.42078839,2.47974561,1.77511200,5.91249695,4.70303141,5.40355407,5.40355407,5.40355407,9.90259857,2.17659486,3.22371144,6.14189616,0.10813656,,,,,,,,,,,,,,,,,,,,,,,,,,,,,,,,,,,,,,,,,,,,,,,,,,,,,,,,,,,,,,,,,,,,,,,,,,,,,,,,,,,,,,,,,,,,
sp_P00648_RNBR_BACAM:0-33,1.62092036,4.60872489,3.16117498,2.73874072,3.79305068,1.86065392,4.69943859,2.37264623,3.42345805,5.25524261,6.39876017,42.08522645,3.17990538,36.22915786,36.22915786,36.22915786,27.67509866,2.70596583,8.06541574,2.36559597,4.79632680,4.17015874,,,,,,,,,,,,,,,,,,,,,,,,,,,,,,,,,,,,,,,,,,,,,,,,,,,,,,,,,,,,,,,,,,,,,,,,,,,,,,,,,,,,,,,,,,,
sp_P71014_BSLA_BACSU:0-33,23.97569126,2.81227410,2.04886504,4.46765236,1.91079818,9.81817648,3.52158219,3.41423270,3.11325290,8.88117670,2.72422631,1.56729904,2.25128728,2.34522040,2.34522040,2.34522040,1.35213441,1.78119011,41.85874801,2.75382299,2.53571420,3.06408985,3.22267140,,,,,,,,,,,,,,,,,,,,,,,,,,,,,,,,,,,,,,,,,,,,,,,,,,,,,,,,,,,,,,,,,,,,,,,,,,,,,,,,,,,,,,,,,,
sp_O31411_SACC_BACL7:0-28,5.18952339,6.00478398,5.15090023,1.29069130,0.67330723,1.91476540,5.55515844,1.73726597,0.94522135,4.01997003,8.44104611,3.94806791,3.76300107,7.04084924,7.04084924,7.04084924,1.51669980,4.73478695,43.85654147,4.33964822,3.13771339,3.02159828,1.23925826,1.53564660,,,,,,,,,,,,,,,,,,,,,,,,,,,,,,,,,,,,,,,,,,,,,,,,,,,,,,,,,,,,,,,,,,,,,,,,,,,,,,,,,,,,,,,,,
sp_Q45071_XYND_BACSU:0-31,4.28319311,2.94388538,2.96050243,10.04246193,3.33002877,31.22579096,3.97825206,1.38358616,3.97167817,49.52786755,1.73812067,3.30230636,5.99312180,5.95371764,5.95371764,5.95371764,1.88578822,9.72160844,6.90592257,8.37557894,23.15697693,24.03843934,3.30708977,26.28807224,8.73892218,,,,,,,,,,,,,,,,,,,,,,,,,,,,,,,,,,,,,,,,,,,,,,,,,,,,,,,,,,,,,,,,,,,,,,,,,,,,,,,,,,,,,,,,
sp_P00691_AMY_BACSU:0-31,5.84109372,5.62001701,4.83902870,1.80902054,7.24868941,1.93589038,1.00662810,1.01260195,6.02853141,1.75924144,1.17266160,50.74363580,4.25625429,10.41656995,10.41656995,10.41656995,2.42312923,2.89954007,46.93973172,3.18682513,47.58773906,48.03294894,2.53350227,3.58910863,1.19364275,1.93140753,,,,,,,,,,,,,,,,,,,,,,,,,,,,,,,,,,,,,,,,,,,,,,,,,,,,,,,,,,,,,,,,,,,,,,,,,,,,,,,,,,,,,,,
sp_B1B6T1_PTLY_BACSP:0-27,43.17964282,7.82799985,7.76162964,14.88060811,42.40855025,45.36317986,1.22493394,5.69362010,15.23796028,6.71081432,6.86874302,4.98061989,5.03270810,6.31182787,6.31182787,6.31182787,2.67086482,23.75688655,5.95796643,2.07829744,41.93117037,42.00967099,30.45946116,8.08296315,3.00902283,1.68235451,1.22667040,,,,,,,,,,,,,,,,,,,,,,,,,,,,,,,,,,,,,,,,,,,,,,,,,,,,,,,,,,,,,,,,,,,,,,,,,,,,,,,,,,,,,,
sp_Q65DC2_PTLY_BACLD:0-27,43.17964282,7.82799985,7.76162964,14.88060811,42.40855025,45.36317986,1.22493394,5.69362010,15.23796028,6.71081432,6.86874302,4.98061989,5.03270810,6.31182787,6.31182787,6.31182787,2.67086482,23.75688655,5.95796643,2.07829744,41.93117037,42.00967099,30.45946116,8.08296315,3.00902283,1.68235451,1.22667040,0.00000100,,,,,,,,,,,,,,,,,,,,,,,,,,,,,,,,,,,,,,,,,,,,,,,,,,,,,,,,,,,,,,,,,,,,,,,,,,,,,,,,,,,,,
sp_Q8GCB2_PTLY_BACLI:0-27,43.17964282,7.82799985,7.76162964,14.88060811,42.40855025,45.36317986,1.22493394,5.69362010,15.23796028,6.71081432,6.86874302,4.98061989,5.03270810,6.31182787,6.31182787,6.31182787,2.67086482,23.75688655,5.95796643,2.07829744,41.93117037,42.00967099,30.45946116,8.08296315,3.00902283,1.68235451,1.22667040,0.00000100,0.00000100,,,,,,,,,,,,,,,,,,,,,,,,,,,,,,,,,,,,,,,,,,,,,,,,,,,,,,,,,,,,,,,,,,,,,,,,,,,,,,,,,,,,
sp_P29141_SUBV_BACSU:0-33,3.55823175,5.00421066,5.33169035,4.09711140,4.44437247,4.99042105,5.25512955,2.70102778,1.89959783,4.06709485,3.14854645,8.02046927,3.71304339,3.25669075,3.25669075,3.25669075,2.45073818,2.11472978,11.68455373,5.11691703,1.96429846,1.66432981,1.47070695,3.94779727,2.39065484,10.39199202,3.23751273,8.25353855,8.25353855,8.25353855,,,,,,,,,,,,,,,,,,,,,,,,,,,,,,,,,,,,,,,,,,,,,,,,,,,,,,,,,,,,,,,,,,,,,,,,,,,,,,,,,,,
sp_P16397_SUBF_BACSU:0-34,4.63287879,3.97557677,4.12764221,2.39466197,4.73385587,3.03336592,2.56939200,1.51151294,3.17076763,2.10550315,1.88423269,42.25106109,5.50126839,42.33595329,42.33595329,42.33595329,4.20895505,4.19022323,46.68479303,2.13169625,2.75849309,1.94100673,1.90438448,2.11146036,1.79643780,3.42694344,2.94096866,3.22299566,3.22299566,3.22299566,1.56509062,,,,,,,,,,,,,,,,,,,,,,,,,,,,,,,,,,,,,,,,,,,,,,,,,,,,,,,,,,,,,,,,,,,,,,,,,,,,,,,,,,
sp_P39632_BSLB_BACSU:0-35,2.80349170,7.73649563,5.27264960,2.33717196,1.86783807,6.15378603,6.18694604,1.77476961,2.67838756,4.28915492,?,4.25206096,3.27824163,3.94502382,3.94502382,3.94502382,1.27158955,3.12742032,6.07275026,4.87353782,49.82564413,50.04835358,2.01951605,53.37822712,1.95648386,2.19027285,55.53511676,2.45828878,2.45828878,2.45828878,1.56806548,1.46094701,,,,,,,,,,,,,,,,,,,,,,,,,,,,,,,,,,,,,,,,,,,,,,,,,,,,,,,,,,,,,,,,,,,,,,,,,,,,,,,,,
sp_P80057_GSEP_BACLD:0-35,1.61463339,7.07954348,8.43665193,8.25076874,42.79355280,4.55999799,1.79588919,2.83440250,5.65981193,2.45771057,1.75019472,3.15011479,3.28838072,4.91036731,4.91036731,4.91036731,5.35446293,2.92463030,6.88962321,6.63908151,9.25226933,3.84635963,48.54374281,6.37198895,2.42398062,4.00833587,3.11589198,44.24380277,44.24380277,44.24380277,3.31601814,2.69379433,51.20384767,,,,,,,,,,,,,,,,,,,,,,,,,,,,,,,,,,,,,,,,,,,,,,,,,,,,,,,,,,,,,,,,,,,,,,,,,,,,,,,,
sp_P96729_YWSB_BACSU:0-26,7.30275145,16.08518213,21.92825268,2.25558113,43.74267197,9.56849637,3.26635638,2.23155063,2.82543185,2.42003931,3.07201614,6.13035004,4.71216244,5.84780146,5.84780146,5.84780146,11.20380054,48.55697269,?,4.71048714,9.69803265,4.30266481,37.20021759,3.41067740,2.49802757,5.54123510,2.31579795,7.99346052,7.99346052,7.99346052,1.91420844,3.26787890,5.67564156,0.92766190,,,,,,,,,,,,,,,,,,,,,,,,,,,,,,,,,,,,,,,,,,,,,,,,,,,,,,,,,,,,,,,,,,,,,,,,,,,,,,,
sp_P39790_MPR_BACSU:0-39,4.99701569,7.33717189,4.70747816,4.09876402,27.15464955,43.24330160,1.31683463,3.39325026,2.55524995,2.51739503,2.83921277,8.54974635,3.25575105,2.93736733,2.93736733,2.93736733,2.29638864,2.33712254,11.30921292,2.33482021,7.00914060,4.28172845,2.22904817,1.91555074,0.95762737,1.74471757,2.09959400,2.17660107,2.17660107,2.17660107,1.72770598,2.37466199,1.87504855,3.23470039,1.02492018,,,,,,,,,,,,,,,,,,,,,,,,,,,,,,,,,,,,,,,,,,,,,,,,,,,,,,,,,,,,,,,,,,,,,,,,,,,,,,
sp_Q59HN7_PHRH_BACSU:0-26,35.55751419,47.86824798,47.90720130,24.58160594,5.54628490,48.58866726,1.18567940,2.78511424,2.91019566,2.77556079,7.98870922,?,4.05158897,3.17249126,3.17249126,3.17249126,45.28701525,2.25474190,3.76470500,24.16489310,36.39955498,37.38744849,2.46403626,16.01916020,1.36684122,4.10115934,7.40579075,46.55441614,46.55441614,46.55441614,1.67026239,45.79135140,51.52678597,5.09143602,4.29139880,1.46886805,,,,,,,,,,,,,,,,,,,,,,,,,,,,,,,,,,,,,,,,,,,,,,,,,,,,,,,,,,,,,,,,,,,,,,,,,,,,,
sp_O31737_YLQB_BACSU:0-32,2.96002881,7.74474972,7.64675722,13.38934561,5.28044946,49.57407761,3.34511160,2.66716692,42.23077377,2.43461617,3.20106334,60.31754969,45.42756115,52.35146043,52.35146043,52.35146043,4.01413735,4.26150437,18.98667020,3.97606196,41.15991482,42.23806680,49.39169063,4.34760736,2.14670202,47.29611337,51.93492243,4.31253150,4.31253150,4.31253150,3.93729220,10.38636453,54.68910961,3.03568225,1.48989339,50.34978733,4.28970558,,,,,,,,,,,,,,,,,,,,,,,,,,,,,,,,,,,,,,,,,,,,,,,,,,,,,,,,,,,,,,,,,,,,,,,,,,,,
sp_Q45670_THES_BACSJ:0-29,4.79251898,4.95811311,6.15368317,3.90710227,5.06119134,1.88423851,1.74177479,1.54313360,3.65138975,51.79492327,55.10405261,3.94173069,35.53700686,37.05208506,37.05208506,37.05208506,27.23277604,3.35984045,46.24530387,37.24603470,3.64274399,3.42631920,3.75165505,3.05015132,1.85622490,8.14592048,9.38875202,45.31946348,45.31946348,45.31946348,2.10927930,1.69220305,2.94920718,2.98884568,48.72124416,1.71244996,2.26128009,1.12521359,,,,,,,,,,,,,,,,,,,,,,,,,,,,,,,,,,,,,,,,,,,,,,,,,,,,,,,,,,,,,,,,,,,,,,,,,,,
sp_Q02113_CWBA_BACSU:0-30,3.43945327,7.53664745,7.80652484,4.75186251,2.40650659,9.28333837,20.15595984,44.74955294,1.73230010,3.76297955,2.88271640,43.52839918,46.04139345,43.42511759,43.42511759,43.42511759,39.91874828,2.99472975,46.41373713,44.06859862,4.70051075,5.62289880,3.78254368,37.81021614,2.53242515,4.40524127,7.88952042,4.83161192,4.83161192,4.83161192,2.62025150,2.32961710,7.36607385,5.65968514,47.40325853,2.35739981,5.26251117,51.48304927,3.66867674,,,,,,,,,,,,,,,,,,,,,,,,,,,,,,,,,,,,,,,,,,,,,,,,,,,,,,,,,,,,,,,,,,,,,,,,,,
sp_P94217_SLAP2_BACAN:0-34,3.56815917,49.77939270,49.74187544,50.06277936,10.31922842,47.09188399,3.97078219,7.35565719,5.07587424,3.15204139,2.52592826,18.70372230,50.16704970,39.10868716,39.10868716,39.10868716,48.38416096,57.01520649,45.35133581,3.08289703,2.47532530,2.56698076,49.76677868,5.00833451,2.19508054,2.70499665,2.38481795,51.09547622,51.09547622,51.09547622,2.65930821,3.35587594,49.31374399,3.70807462,3.05360805,3.53576059,7.51383333,3.45557388,1.90597747,0.88707954,,,,,,,,,,,,,,,,,,,,,,,,,,,,,,,,,,,,,,,,,,,,,,,,,,,,,,,,,,,,,,,,,,,,,,,,,
sp_Q9RMZ0_Y6545_BACAN:0-33,3.27565276,10.93364882,9.43156848,49.81683432,4.10563657,4.28068030,2.63071632,2.50067470,6.16801051,50.26126560,4.70190932,5.36656976,53.14226927,3.50129238,3.50129238,3.50129238,48.07034657,58.74741735,49.37444567,2.77097263,5.27370860,6.41139225,3.68621854,2.13728715,2.96469564,1.88063373,2.99726820,3.77947584,3.77947584,3.77947584,5.51101254,2.38074000,4.01437268,4.25558291,49.02579232,46.55228260,54.38689144,8.56175062,3.54755601,1.74645692,2.53924589,,,,,,,,,,,,,,,,,,,,,,,,,,,,,,,,,,,,,,,,,,,,,,,,,,,,,,,,,,,,,,,,,,,,,,,,
sp_P42293_EABN2_BACSU:0-31,5.85595426,6.34988096,6.21412437,3.30559377,3.88523170,5.72652197,2.56843530,3.33693878,2.74307250,4.12995765,6.10068140,2.36686045,5.86631959,5.79744565,5.79744565,5.79744565,19.63084626,44.89724869,6.65401167,3.76506653,6.39332906,3.33783888,4.38687315,2.34366905,1.52221095,43.68454889,1.87878945,5.55425095,5.55425095,5.55425095,4.68585749,4.34267897,43.28564595,3.63716598,3.22758337,3.70171019,6.48847916,2.19062547,8.14590245,10.67462943,50.88901288,57.35515540,,,,,,,,,,,,,,,,,,,,,,,,,,,,,,,,,,,,,,,,,,,,,,,,,,,,,,,,,,,,,,,,,,,,,,,
sp_P94522_EABN1_BACSU:0-37,6.53176016,8.98447775,8.79597421,3.98164820,7.25936667,8.66467863,4.08411023,4.49109394,5.59468089,12.93572698,48.19886306,5.10728752,6.95314203,5.43116161,5.43116161,5.43116161,47.38740454,51.84440194,9.08665552,4.67278000,44.11252361,44.33918335,3.27809488,3.20562115,16.95421164,6.58285429,2.89853045,4.25547404,4.25547404,4.25547404,3.54766291,3.35531820,3.51041909,3.82768296,3.79435437,3.30665848,6.35508833,2.94491346,2.78869983,35.29757593,3.97164811,7.14510149,2.18793490,,,,,,,,,,,,,,,,,,,,,,,,,,,,,,,,,,,,,,,,,,,,,,,,,,,,,,,,,,,,,,,,,,,,,,
sp_Q79F14_ESTB_BACSU:0-25,6.94027896,20.65487833,18.67937604,8.10323647,4.15213900,4.24996012,1.95135658,1.94442006,3.99408530,18.16891680,2.35841943,2.32538357,2.09954150,0.76519773,0.76519773,0.76519773,6.25416931,4.19064444,?,2.97987696,2.57109801,1.44106103,6.52339929,2.20383738,0.34836025,1.63239718,2.70158453,3.67563681,3.67563681,3.67563681,2.17767591,2.40806514,0.61690481,1.44251765,1.87449552,1.21243927,3.75698034,4.14229284,0.77564192,1.48059485,49.03113600,49.54319871,1.54132844,1.30066347,,,,,,,,,,,,,,,,,,,,,,,,,,,,,,,,,,,,,,,,,,,,,,,,,,,,,,,,,,,,,,,,,,,,,
sp_P37957_ESTA_BACSU:0-36,2.85531912,6.54424255,4.85039183,9.37469638,4.69837434,2.68872307,5.29884147,52.20888604,5.92243642,47.27566499,51.65535166,3.58594611,3.89915902,3.07903285,3.07903285,3.07903285,50.15810283,4.25698723,9.70971973,2.80481695,3.36531450,2.77394976,54.49002814,2.42367194,7.96894492,52.35056624,51.05584060,51.66614580,51.66614580,51.66614580,3.42384998,3.25350644,2.57991721,2.63805633,2.68434781,2.49447946,51.11266769,8.03557656,3.75180495,4.37857721,5.57695229,6.99691357,2.15361641,1.93493194,0.27105911,,,,,,,,,,,,,,,,,,,,,,,,,,,,,,,,,,,,,,,,,,,,,,,,,,,,,,,,,,,,,,,,,,,,
sp_Q5U780_LIP_BACSP:0-33,49.34819188,5.64200333,4.20947532,53.58370666,51.14373464,44.48657427,1.98381532,54.21379330,29.93365222,4.11016947,2.79727325,3.06967153,3.41653057,3.14321319,3.14321319,3.14321319,51.59391858,4.11602145,3.04734735,3.58572970,3.65412965,3.87589549,53.77899284,3.20627468,49.10418422,52.18837517,53.31273423,55.36828535,55.36828535,55.36828535,51.59265611,6.23657808,54.65132514,5.44871592,9.57509139,52.77301344,6.59563967,54.11016622,50.28072393,10.62684820,13.27790295,5.71878443,7.82268877,5.75398490,1.17652930,3.51896196,,,,,,,,,,,,,,,,,,,,,,,,,,,,,,,,,,,,,,,,,,,,,,,,,,,,,,,,,,,,,,,,,,,
sp_O34310_PLYC_BACSU:0-32,1.60440002,6.33936598,5.67918141,4.23950847,2.73829147,3.18899337,5.94038465,3.17495443,8.56231907,8.44468165,10.88704387,3.18979920,2.74929404,3.09829272,3.09829272,3.09829272,10.14445556,2.95313123,1.63263978,5.77024136,4.50933963,3.42758922,2.78414124,3.22575656,2.76299025,3.62955650,4.27974018,37.63904202,37.63904202,37.63904202,5.02089176,4.89361018,1.68030002,5.20602677,5.61803988,3.61250406,36.96204141,3.47675402,6.97950529,4.00920473,49.12272281,3.91863025,1.69143314,2.22892083,1.85175651,2.52347460,54.00027348,,,,,,,,,,,,,,,,,,,,,,,,,,,,,,,,,,,,,,,,,,,,,,,,,,,,,,,,,,,,,,,,,,
sp_Q65EF5_PLYC_BACLD:0-26,1.58647778,3.55048893,2.49880867,3.89573795,2.85295563,2.88004355,48.34051446,2.43466110,8.94638084,7.72565111,8.98903755,4.93696587,2.14044309,2.46745055,2.46745055,2.46745055,6.08603700,3.63323554,0.82653445,7.96465752,3.29127253,2.43441896,2.79610270,3.79252320,2.91184514,12.22585209,4.75538413,17.41396517,17.41396517,17.41396517,6.59115576,2.55450677,2.44789627,4.80731067,5.94524304,5.18865861,8.06847115,6.33580808,4.50022551,12.99146465,51.27222711,52.39891707,2.49158871,2.64811048,1.32103160,2.11960670,55.80902439,0.47393028,,,,,,,,,,,,,,,,,,,,,,,,,,,,,,,,,,,,,,,,,,,,,,,,,,,,,,,,,,,,,,,,,
sp_O07532_LYTF_BACSU:0-31,4.49535734,8.33122643,7.79385730,5.25290988,3.77650288,8.12346394,3.54761591,2.51896985,2.39672227,4.18652659,4.08929633,7.47435968,3.58606528,2.29567259,2.29567259,2.29567259,3.27620656,3.41108197,4.02266801,11.74327939,2.17323447,1.97955462,2.62025673,2.55488907,1.02038260,2.73783692,3.27685268,33.28555339,33.28555339,33.28555339,2.34560015,2.79862806,3.10840405,17.04422433,2.69678397,2.91703735,2.84870035,3.25729550,2.93984202,10.74010022,7.15058999,4.67504335,2.83478581,2.99201859,1.65881915,2.65456520,51.07620188,2.39866656,1.57533503,,,,,,,,,,,,,,,,,,,,,,,,,,,,,,,,,,,,,,,,,,,,,,,,,,,,,,,,,,,,,,,,
sp_P54421_LYTE_BACSU:0-30,1.79363622,9.16241561,8.16752604,3.49917471,3.86823917,8.69429920,7.19987979,1.93415456,3.83610812,4.32276082,3.77652826,33.80338888,4.91265890,2.77909384,2.77909384,2.77909384,3.17690907,2.14657998,40.99862077,13.27185979,3.30675407,2.74427244,1.84473445,2.93895951,1.30619619,3.24255728,5.93952500,30.26339602,30.26339602,30.26339602,2.44396645,2.66085067,1.95872092,16.84948526,2.08926172,2.79753545,2.81154054,5.87632902,3.76147048,4.89259166,5.08267684,3.89806813,2.80802147,2.47070817,2.33954676,2.62073229,51.64160256,1.92369174,1.08679701,0.71074774,,,,,,,,,,,,,,,,,,,,,,,,,,,,,,,,,,,,,,,,,,,,,,,,,,,,,,,,,,,,,,,
sp_O34669_YOCH_BACSU:0-30,6.53248675,12.63815248,11.03626460,5.09472789,5.22728453,8.23993942,4.61725976,3.42391239,2.95947810,4.58831064,2.01527105,4.80925253,3.87345415,2.97518893,2.97518893,2.97518893,51.22050378,4.40373701,3.76438978,49.66842572,2.68784136,2.76956385,52.90315043,1.52832923,2.69072396,16.19107975,10.28978689,52.07770895,52.07770895,52.07770895,5.34722404,3.44592664,55.47217933,6.20142599,2.46207246,8.23614599,43.49865801,52.81356216,50.73683720,12.52498364,10.38438954,4.15314083,3.09688786,5.45166164,2.04149554,2.60780017,6.24714997,3.53287859,1.00771096,1.58160509,1.17690173,,,,,,,,,,,,,,,,,,,,,,,,,,,,,,,,,,,,,,,,,,,,,,,,,,,,,,,,,,,,,,
sp_P54423_WPRA_BACSU:0-34,3.14220168,5.18963020,5.59980228,2.06138275,4.05009060,3.25618161,1.61226235,1.09321764,6.08751933,2.00157318,1.84372952,50.74767654,38.50435538,45.39874143,45.39874143,45.39874143,4.10528235,3.25217498,46.76649152,44.78234171,3.28679131,4.72582296,5.58714048,3.74876473,3.23172201,5.88191247,4.42329886,14.72514340,14.72514340,14.72514340,3.43306181,3.11821171,54.31253121,55.00043994,2.49905040,3.68915731,2.76426231,52.73355229,2.10310861,11.67044663,7.38619628,9.43989062,9.28053324,9.59708990,3.34507994,6.91915673,55.76155869,3.19172149,1.90128509,12.09933146,7.31328244,16.21883608,,,,,,,,,,,,,,,,,,,,,,,,,,,,,,,,,,,,,,,,,,,,,,,,,,,,,,,,,,,,,
sp_P39844_DACC_BACSU:0-34,2.62238085,3.89885468,3.68181957,4.36575778,2.91168563,3.27526335,3.02407638,1.73219856,5.81569297,4.04698061,1.79075977,2.51174891,2.68583818,3.57567431,3.57567431,3.57567431,4.74409013,2.45426558,5.53758150,3.81921012,3.20191621,2.64842867,4.56000825,3.13773075,2.75914955,3.18731060,4.39125785,3.97637054,3.97637054,3.97637054,4.06470457,2.44324385,3.85184221,2.69763282,1.77785851,6.41768013,11.62737197,50.83488236,3.20684428,42.74016384,3.73514181,1.79682585,7.00633549,5.89998586,9.49587525,4.03688005,54.60066766,2.62612706,2.30236393,2.82545820,1.40397603,2.81670470,11.39880226,,,,,,,,,,,,,,,,,,,,,,,,,,,,,,,,,,,,,,,,,,,,,,,,,,,,,,,,,,,,
sp_Q9AQS0_XANLY_BACGL:0-30,4.75570348,3.84061417,3.15502958,4.42204683,42.27140949,5.28258642,2.56989822,2.24483590,44.13635622,3.04365379,3.36227652,?,4.91027564,?,?,?,4.67260747,2.25626291,?,1.71353943,1.80857291,1.38110638,4.67707965,8.35231024,1.21795248,?,1.08932996,3.18135394,3.18135394,3.18135394,0.74532196,2.66916819,0.94270245,2.66508305,3.81115448,1.25769087,47.24455742,2.15017916,1.21795248,?,54.11007340,7.45430133,2.90615412,55.00392840,51.54858834,2.97425711,44.07765316,4.36773012,5.68941483,4.78935459,3.62404404,4.46966238,1.52357851,3.90032720,,,,,,,,,,,,,,,,,,,,,,,,,,,,,,,,,,,,,,,,,,,,,,,,,,,,,,,,,,,
sp_Q07833_WAPA_BACSU:0-37,2.79557562,1.40680250,1.53881706,3.01920854,2.51357752,7.54629164,5.51450151,2.17504901,4.69835862,4.87109114,3.24537908,1.93406871,2.72761193,2.43033135,2.43033135,2.43033135,3.63741009,5.10874151,3.71662529,5.07009990,3.38164226,3.86534926,9.01495465,2.65505087,1.45935930,2.21831084,2.19079621,4.74055080,4.74055080,4.74055080,3.89333089,4.21936634,50.93803539,1.61980650,2.53812196,2.73088086,5.95260104,4.93529902,3.25039482,35.37704728,48.62164998,2.96942139,4.42737223,5.75321072,8.76842505,11.51097349,2.96569689,7.11764382,5.88505442,2.75841386,5.16311267,4.48227349,2.51452841,2.05882121,2.76598204,,,,,,,,,,,,,,,,,,,,,,,,,,,,,,,,,,,,,,,,,,,,,,,,,,,,,,,,,,
sp_G4NYJ6_WAPA_BACS4:0-37,2.54201962,2.26001519,2.21239799,2.31638188,2.34311825,6.71802929,5.59487713,1.59907470,3.13923882,4.49244231,2.89681589,1.59534526,2.54987623,2.71899258,2.71899258,2.71899258,3.27642230,3.67741867,3.51555343,5.48138956,3.37400430,3.28675969,7.27680278,2.31420241,0.98916244,3.70807846,1.76139912,2.99056683,2.99056683,2.99056683,3.99229212,3.73078907,51.27858940,1.84230985,2.11272530,2.93712283,6.69956211,40.63045107,2.24907126,37.60141452,48.85883968,3.24197800,3.14135892,4.97365722,4.49563834,6.37241046,2.61985830,5.51734301,4.36221660,4.16256023,7.07439261,3.67176558,2.94622869,1.84793092,3.32019625,0.24280803,,,,,,,,,,,,,,,,,,,,,,,,,,,,,,,,,,,,,,,,,,,,,,,,,,,,,,,,,
sp_P68569_BDBA_BACSU:0-22,21.14998159,2.30779284,3.45710951,44.23174506,8.21697854,6.04767764,3.64279076,5.89097486,3.75058470,18.10210094,39.64968244,9.15008818,43.99509295,47.07528481,47.07528481,47.07528481,36.83016009,48.74602899,46.52132579,43.38088336,47.37135139,47.00353349,43.08233948,45.22349476,46.44777252,50.24433620,45.00999324,13.20033133,13.20033133,13.20033133,45.74634072,47.93389704,50.63997187,3.18876164,16.23701095,2.81097043,36.58621281,2.52295635,1.07874875,13.50713117,12.10585023,12.61810230,10.26534237,48.59460125,47.18014813,40.43093938,44.05919032,48.79010561,47.89850628,46.35048763,46.67654886,46.41158323,15.44430900,47.24967451,47.21354404,40.57101118,39.75401723,,,,,,,,,,,,,,,,,,,,,,,,,,,,,,,,,,,,,,,,,,,,,,,,,,,,,,,,
sp_P96600_DCTB_BACSU:0-23,3.77186929,2.32285931,3.06222737,21.49367963,41.31729299,3.51723925,7.55675203,40.03290794,3.60977909,41.87535553,40.58983181,3.13563952,5.18059172,4.87222552,4.87222552,4.87222552,12.61815249,36.73045139,2.91569217,9.06424210,4.01676723,4.62153771,15.56101774,9.90200950,6.57158605,41.49163175,9.91327490,10.77754680,10.77754680,10.77754680,8.74847898,16.35435586,56.54709174,3.29416687,43.00514083,4.23463006,7.11711073,3.59368261,1.70385887,16.41530312,49.22190325,50.00389901,9.03207319,39.79703750,43.31657598,3.33388379,1.24617170,8.91943014,41.54590538,2.00132362,3.70085035,2.85985756,4.82920560,3.69459155,7.28691712,2.47419595,2.90044342,1.54320759,,,,,,,,,,,,,,,,,,,,,,,,,,,,,,,,,,,,,,,,,,,,,,,,,,,,,,,
sp_O34918_YOAJ_BACSU:0-30,3.85566430,5.48723917,5.82263743,42.64344293,2.26997149,5.31799993,2.47201646,3.62529854,1.78825618,53.29244866,53.19177617,2.11611914,3.16163569,1.30029452,1.30029452,1.30029452,42.99577168,5.34439642,3.05214480,44.04197739,15.42880338,12.86392967,6.26255431,47.58270711,2.43274897,12.87517182,6.39243534,8.77655005,8.77655005,8.77655005,6.88032493,7.04389918,4.28213151,4.82381124,40.38188685,3.80997241,1.65670173,3.56785976,4.34737644,4.89941007,9.59437019,7.89322899,5.15394713,2.85992087,2.37578746,3.40728101,38.01779834,2.53217145,2.27169713,4.54784330,4.15347698,4.31871014,9.93283749,2.88905885,48.14155506,8.26612933,5.24674003,9.52750387,5.15480453,,,,,,,,,,,,,,,,,,,,,,,,,,,,,,,,,,,,,,,,,,,,,,,,,,,,,,
sp_P39116_PLY_BACSU:0-26,6.52803604,5.15704653,4.24714124,6.96939271,3.54434499,4.50844546,3.49894021,50.26793992,22.42214762,7.88125180,7.30797573,2.56905560,2.60974472,2.16405480,2.16405480,2.16405480,3.36368130,63.69978734,3.72699022,3.41464508,4.29087754,4.67965712,6.09324082,2.13489335,1.66324444,51.06913159,2.54995941,7.56573767,7.56573767,7.56573767,16.65310056,41.71155704,2.70519468,3.35264371,3.23749606,1.30752495,54.33389453,30.99788800,1.58401872,49.70893460,53.65518312,54.07651945,4.57790280,4.42832626,3.50579459,3.68332014,2.63247129,4.71014327,4.43592598,4.15517205,5.54275526,3.67907514,2.84945830,2.62474324,3.27784924,3.91871004,3.20726123,38.05065991,2.13163025,14.48952274,,,,,,,,,,,,,,,,,,,,,,,,,,,,,,,,,,,,,,,,,,,,,,,,,,,,,
sp_P94576_YWOF_BACSU:0-24,14.46795988,35.66197005,38.03414333,3.61381590,47.66519232,48.07231878,6.73167969,46.07922440,10.94380788,3.96341585,3.64935086,2.00852993,2.05273127,3.61891328,3.61891328,3.61891328,5.76954881,3.97522905,2.38325771,2.31463396,6.48262227,6.42553346,2.55004002,2.79452120,3.73974316,12.39827406,6.86285028,3.63567405,3.63567405,3.63567405,10.29555720,3.19452547,7.28846006,43.94428909,6.77348998,2.40965845,3.54913724,48.93116607,1.61152019,6.00170476,52.95983410,53.48791097,10.18102655,49.49673786,16.06968362,53.32933290,4.60841889,29.97491002,9.51145227,6.96894010,6.89640412,9.31510331,2.91812098,1.69843884,47.17065423,3.28091013,2.51597961,48.13704051,2.16822849,6.57459077,2.08974505,,,,,,,,,,,,,,,,,,,,,,,,,,,,,,,,,,,,,,,,,,,,,,,,,,,,
sp_Q03091_BSN1_BACAM:0-31,5.56618295,5.65573025,5.64629487,4.34957372,44.16066151,42.67257284,43.34608527,5.25021688,7.55396623,4.26271675,4.44635865,46.34860770,41.84624304,47.46632569,47.46632569,47.46632569,5.38683616,24.66012481,6.24584040,3.67152109,3.27017470,2.29234701,7.72723465,5.47274551,1.68069906,8.13227349,5.40372753,3.32487815,3.32487815,3.32487815,2.50348132,6.08782746,50.29790877,33.45509613,3.88210045,9.42133785,8.07686495,3.02341887,4.54748061,2.65548339,4.80101740,51.09638674,3.07259760,32.29129166,44.95878584,50.15576793,53.89544221,7.16203987,11.08429246,5.20164375,6.04297914,51.17445849,7.41512501,4.43137191,0.74898798,6.03437945,7.44618873,22.33446582,7.14038334,45.28169789,18.99467798,40.00567607,,,,,,,,,,,,,,,,,,,,,,,,,,,,,,,,,,,,,,,,,,,,,,,,,,,
sp_O32150_BSN2_BACSU:0-31,3.87116541,4.88800839,4.70528587,4.45824388,2.53954630,9.45538456,22.83485215,4.85040213,4.03451640,4.48650722,5.19353781,35.97724904,21.65512553,39.11321480,39.11321480,39.11321480,7.06817776,19.67110417,42.04729280,8.22560751,6.84561927,7.37182935,23.65505487,2.08041360,1.63333501,18.35633179,10.15297147,1.21737261,1.21737261,1.21737261,3.31517831,3.50401679,3.56275461,8.85178577,4.16894028,13.27485296,22.09169991,4.65642124,5.88830652,3.33041989,6.71530040,49.01078602,4.61343574,5.67522570,3.60986052,8.88004354,54.11515372,5.26104657,5.23975391,4.21020937,5.42199710,6.30348363,5.77888650,3.72178934,9.61535238,4.91910265,4.20315426,10.88461475,2.55388084,10.15234784,1.96557860,8.47608011,1.36933962,,,,,,,,,,,,,,,,,,,,,,,,,,,,,,,,,,,,,,,,,,,,,,,,,,
sp_P38422_DACF_BACSU:0-28,5.10874317,3.71468344,2.60997148,5.37215519,3.70852238,3.72403533,6.11518378,4.20216164,12.30502088,2.25332064,2.13320627,1.86679222,2.52214275,3.35879505,3.35879505,3.35879505,3.96077501,3.83809666,4.65685650,2.49560539,2.72322721,3.46531383,3.64356895,3.68285088,1.99777664,2.56221873,3.54122656,3.60654907,3.60654907,3.60654907,4.89714168,3.21134143,3.61471328,5.30192966,7.35790688,6.85096852,4.29222494,5.48624153,3.29858675,2.83709641,5.15109643,2.28466076,5.13055175,6.66881216,5.70890849,4.33778724,2.37534202,4.81335459,6.80668579,3.90828533,3.21821668,3.88132803,7.75244702,1.84723027,4.72900429,2.05842719,1.93228161,48.71722663,8.37860376,13.78625012,45.74620643,21.81180439,3.37608038,4.06138157,,,,,,,,,,,,,,,,,,,,,,,,,,,,,,,,,,,,,,,,,,,,,,,,,
sp_P08750_DACA_BACSU:0-36,4.34388532,6.50873099,4.94426152,4.51635163,3.26666533,15.96407755,2.40834634,1.69379771,6.49663143,1.62689844,1.62451937,2.51354872,3.60556836,3.56142996,3.56142996,3.56142996,4.28079042,2.28605542,4.25031895,3.48159659,4.00100482,3.08563178,5.77357636,3.01295373,1.89825931,4.30441574,5.70269325,7.92270851,7.92270851,7.92270851,2.63968052,2.58084330,4.39765836,5.50765774,3.32790907,3.60462242,3.54537896,3.57522808,2.46088729,3.07328868,3.32400899,3.41735646,1.60065999,3.18722385,1.54019499,2.00185402,9.30691721,2.10454968,2.41002107,2.04450789,1.63347585,3.54718060,9.49671785,3.98095131,0.79673761,3.73751381,3.83819657,45.39205631,4.66385944,6.24683992,5.56871402,37.81460718,1.88046752,4.28881886,1.24935842,,,,,,,,,,,,,,,,,,,,,,,,,,,,,,,,,,,,,,,,,,,,,,,,
sp_P39824_BLAC_BACSU:0-29,1.75893592,2.75009650,3.30776368,2.45136902,48.64857676,45.99429381,2.11421140,3.65380422,2.56664578,2.79803849,2.40646173,2.41484559,2.12462771,3.31324517,3.31324517,3.31324517,2.33031281,42.11121413,6.34484702,1.84367754,21.01389743,22.64738228,2.58643983,43.93724051,12.73200383,1.48837899,2.23215830,2.43508376,2.43508376,2.43508376,6.53295054,2.59690407,9.52953245,2.98985802,13.63040711,2.51395765,8.87820612,40.20546145,3.03004703,3.56117306,50.50713799,51.39459389,42.11334663,51.39149426,45.60027025,32.54640429,2.21259142,46.25924633,47.16011192,6.89069587,3.29638903,54.09477039,38.72327272,1.24638523,9.32380554,1.42248953,1.48677932,3.39337266,2.21896635,5.63204429,50.86983868,2.43665372,6.67593434,3.04263841,8.60473143,2.14640757,,,,,,,,,,,,,,,,,,,,,,,,,,,,,,,,,,,,,,,,,,,,,,,
sp_P04957_GUB_BACSU:0-33,2.95451751,4.55978613,4.68752955,10.86280795,2.68696463,3.61824828,3.28882058,2.53537765,6.05613244,52.88961303,52.97103478,5.27638327,43.44448220,3.61910889,3.61910889,3.61910889,49.28358214,2.04988758,?,44.11358393,8.25329269,3.24068407,4.64810255,44.89382668,5.62584939,42.05866749,3.48345316,48.81913953,48.81913953,48.81913953,3.00208953,7.11654307,3.62195429,4.45399586,43.06045848,47.62001398,3.57942482,3.36710855,3.85340913,5.56420504,10.24712646,4.83656853,9.04866592,7.65036135,4.00483733,4.82641830,49.48120198,3.55134285,3.37762871,4.07381313,2.53867043,3.19891493,3.03830279,1.85224457,1.21829761,4.14636162,48.07418236,11.79033493,48.14222871,2.22796938,13.40054262,8.71327720,47.82045982,19.54445639,9.08667933,4.39077963,49.50805743,,,,,,,,,,,,,,,,,,,,,,,,,,,,,,,,,,,,,,,,,,,,,,
sp_O07013_GANB_BACSU:0-29,5.75847078,2.69101958,2.80953487,2.35132664,11.48072674,3.48472684,5.43610443,5.73865729,5.93417525,4.43165867,2.34814037,46.21302599,6.15670113,46.30210111,46.30210111,46.30210111,8.49221762,41.21491481,4.31916731,3.34715250,4.18894219,4.45889659,7.90045064,4.28962655,2.94219274,3.17808724,5.20409874,6.29581536,6.29581536,6.29581536,7.06194253,9.72841643,52.47847512,44.24687691,1.68115290,3.49855800,5.00023054,4.84154459,3.57961439,7.78057266,3.83348244,4.88427823,16.27806944,6.26518294,10.31699860,52.22752171,7.39760832,25.86029752,15.68738024,13.73947342,17.23894650,49.46576224,5.82886662,10.64272002,2.74451870,3.13088579,3.30806727,3.13833661,4.09471766,42.09784677,3.23420997,45.25827700,4.04960695,5.31538371,4.79976174,4.45561324,3.25988887,15.83408211,,,,,,,,,,,,,,,,,,,,,,,,,,,,,,,,,,,,,,,,,,,,,
sp_Q45070_XYNC_BACSU:0-37,12.73471444,11.44940571,11.48158447,4.26154483,3.47829949,3.46771766,2.03923473,1.20581537,2.51846814,1.50702438,1.93891054,7.03024309,39.85791483,10.21044329,10.21044329,10.21044329,5.45965427,2.65689333,46.93849937,37.52693239,2.94016117,3.34941674,24.62641131,3.45726185,4.00343177,2.70507860,50.10797787,46.57523746,46.57523746,46.57523746,5.01961292,2.56393988,48.37316078,3.49228282,12.79645162,10.97600423,6.39373144,3.74280735,1.37677060,3.18754788,1.81668278,11.90944483,2.64338868,4.00932134,2.83267032,50.63702770,2.38357378,42.22860782,4.45252885,3.37702477,3.39565229,5.40472788,5.41488895,4.29196727,?,2.81967168,2.47990878,1.18659977,2.72030969,2.63891583,53.60011058,1.35684897,5.46291845,5.80985008,2.41412108,3.60889714,1.75845384,35.88457616,4.66082844,,,,,,,,,,,,,,,,,,,,,,,,,,,,,,,,,,,,,,,,,,,,
sp_Q6YK37_XYNC_BACIU:0-38,15.21985150,34.16309762,30.24580648,7.46837907,3.53650047,45.68299566,1.61873040,1.49308330,2.60586909,1.33011570,2.25977363,6.31794547,34.19861682,8.06406137,8.06406137,8.06406137,5.05597121,2.85713165,46.39562883,35.30930867,3.20424194,3.49170237,26.35577213,4.91011889,4.06761232,2.86480235,50.35853743,44.50696855,44.50696855,44.50696855,4.76148539,2.84918578,5.23430818,3.01336733,10.51987895,4.07385150,6.45888891,3.57154904,1.99407846,3.21268449,1.78212137,8.98385711,2.73491832,2.90703626,1.76281791,7.16182794,2.43354514,42.03708345,28.99411843,2.79547085,3.73739767,6.27564028,6.78658945,4.99662715,0.00000100,2.82627541,2.57668384,1.60914447,6.24641539,2.54327197,3.83827093,1.74334891,5.68505519,6.30125840,2.56680694,4.11875707,1.50881203,5.58772751,5.00278906,0.15819006,,,,,,,,,,,,,,,,,,,,,,,,,,,,,,,,,,,,,,,,,,,
sp_P54484_YQGA_BACSU:0-33,6.08757200,9.32330566,8.83847307,33.26978550,5.02403086,5.22192233,2.18125347,51.90546504,3.81004149,50.42116825,55.16989175,43.09461321,48.01059314,47.04540225,47.04540225,47.04540225,1.97509598,53.99612577,47.97847607,39.50888272,56.54291555,48.50440833,4.14360512,2.47133223,10.79623508,49.46223045,28.88177540,51.82803300,51.82803300,51.82803300,2.23285283,46.59025126,1.97988356,2.28803012,32.97509126,1.15546299,54.27594417,4.33211548,3.46520058,4.18856090,2.86025941,5.06409735,5.58009108,4.06929167,1.57311964,5.28751705,13.22584988,8.91847612,7.35494222,2.51303171,3.63699406,45.10231368,4.57748542,29.48650310,?,8.25086575,43.55950292,13.31425569,5.74836515,3.57896321,2.34464496,51.90303006,24.35251667,12.38219381,49.81853463,45.32159600,4.31815142,6.01170242,41.75323225,10.44959276,4.93004779,,,,,,,,,,,,,,,,,,,,,,,,,,,,,,,,,,,,,,,,,,
sp_Q45105_TACY_BACCE:0-33,7.50205646,11.27785473,12.07937187,2.45990427,39.95836030,1.84039511,4.23983159,2.08717331,3.91067558,4.94930942,2.59209858,8.46809256,6.12972173,45.10282614,45.10282614,45.10282614,2.98832093,5.38594463,10.14147729,21.89066705,3.03916677,3.35167552,2.25409077,3.01368282,1.83807994,11.58172640,6.41123257,39.87796668,39.87796668,39.87796668,5.30791327,4.90147702,8.75068622,16.09154636,39.98064429,2.00537657,2.94404873,3.71463073,2.16215962,15.97906873,6.48630229,45.61380878,40.89750289,48.38935194,12.35263189,6.84048631,51.63029149,4.82015931,4.24147608,1.39621584,1.63743988,3.22262090,5.73657369,2.50064772,1.87292047,2.57082802,2.58424155,2.90295773,3.80569384,3.89405705,49.08931464,30.28812898,4.33833695,8.74483801,3.14274511,1.94731041,1.76696383,2.64789270,5.18558674,2.07267142,3.37218981,4.05944798,,,,,,,,,,,,,,,,,,,,,,,,,,,,,,,,,,,,,,,,,
sp_P40406_NAGZ_BACSU:0-31,5.84131018,5.09974995,4.52388924,3.40117077,44.02212704,8.81145961,10.22391027,36.34582645,19.34730303,10.72037419,4.22220503,43.77703554,9.81693132,44.35569999,44.35569999,44.35569999,5.92260144,18.46186852,47.68823299,6.76103757,3.47513438,4.07600992,25.46442398,3.89513695,3.23322283,3.17075925,2.63844647,38.48668978,38.48668978,38.48668978,6.28643913,2.99107979,7.32286960,6.25226076,5.51125454,3.56733664,28.37030345,6.88271724,10.32958566,42.09211461,51.06043676,9.31004353,8.53131431,6.96718448,6.55260115,6.01008258,5.63292064,5.31413472,1.92158165,2.86828255,3.24318549,3.74395814,5.13370281,3.28568033,6.00119879,3.47198937,3.58342618,47.17077307,2.78256700,15.12303105,5.72948345,6.85091238,3.59775384,3.88904070,1.91107371,2.20154750,7.14464016,45.56778230,4.80337751,2.28775329,3.18322060,49.61295126,2.48050257,,,,,,,,,,,,,,,,,,,,,,,,,,,,,,,,,,,,,,,,
sp_P06832_NPRE_BACAM:0-32,9.96629229,7.74047468,8.62697186,1.24552496,43.67032979,9.13971050,25.37805379,44.35367280,2.48186886,3.22649247,1.57079090,12.06821660,31.98136923,32.74881064,32.74881064,32.74881064,4.29199478,39.89154514,3.41470228,6.54312030,3.60012250,4.30668578,3.51606316,6.41799478,14.85717700,2.92462500,3.94265912,5.81831415,5.81831415,5.81831415,2.58220134,5.01215066,3.04556675,4.21959878,7.26794748,3.34698572,40.81165998,50.82069600,7.23805434,3.76782172,3.80036928,3.52653557,2.26426290,3.46888939,16.75097448,7.44512275,8.22729623,5.72797570,30.49980886,6.40773356,8.01970975,49.33695253,48.81099200,5.71638738,1.68451384,5.00594586,4.93084187,2.02767059,34.10493891,47.47394976,19.29076897,9.42283191,4.75276944,5.35719620,4.85995300,6.67578622,1.94941298,39.83495359,4.08872928,3.54720421,2.84593995,3.40317886,6.52713870,6.35959831,,,,,,,,,,,,,,,,,,,,,,,,,,,,,,,,,,,,,,,
sp_P68735_NPRE_BACSA:0-32,2.48787963,3.23473865,3.53839468,1.13359910,2.45396382,1.91853013,9.41197624,2.50430935,2.07856538,2.05338312,1.22666717,11.51439361,3.01522423,3.90098578,3.90098578,3.90098578,3.52335139,35.69463185,3.40775613,5.50382891,5.20163206,5.85411232,2.84047846,5.34879988,8.82761459,2.61384004,2.83102450,5.31320952,5.31320952,5.31320952,2.84552185,3.40452799,2.22396937,3.60562456,3.60849644,2.45141795,4.83343148,51.11972105,5.76123313,3.80657378,2.27721266,1.86073877,2.29798717,4.31558492,10.60058817,7.20958334,8.06735308,4.80466157,2.25200281,4.60700468,4.53166547,6.61212786,49.62029106,4.18502108,2.94797706,2.80926137,2.32571464,44.54318094,17.02398269,46.44339133,9.53214164,4.28101867,11.15700961,7.28552861,2.68631609,8.24567609,1.30665935,35.27540931,3.70768310,2.86825358,2.57513501,3.45989625,2.76290057,10.77239751,0.48528686,,,,,,,,,,,,,,,,,,,,,,,,,,,,,,,,,,,,,,
sp_P68736_NPRE_BACSU:0-32,2.48787963,3.23473865,3.53839468,1.13359910,2.45396382,1.91853013,9.41197624,2.50430935,2.07856538,2.05338312,1.22666717,11.51439361,3.01522423,3.90098578,3.90098578,3.90098578,3.52335139,35.69463185,3.40775613,5.50382891,5.20163206,5.85411232,2.84047846,5.34879988,8.82761459,2.61384004,2.83102450,5.31320952,5.31320952,5.31320952,2.84552185,3.40452799,2.22396937,3.60562456,3.60849644,2.45141795,4.83343148,51.11972105,5.76123313,3.80657378,2.27721266,1.86073877,2.29798717,4.31558492,10.60058817,7.20958334,8.06735308,4.80466157,2.25200281,4.60700468,4.53166547,6.61212786,49.62029106,4.18502108,2.94797706,2.80926137,2.32571464,44.54318094,17.02398269,46.44339133,9.53214164,4.28101867,11.15700961,7.28552861,2.68631609,8.24567609,1.30665935,35.27540931,3.70768310,2.86825358,2.57513501,3.45989625,2.76290057,10.77239751,0.48528686,0.00000100,,,,,,,,,,,,,,,,,,,,,,,,,,,,,,,,,,,,,
sp_O34344_SDPC_BACSU:0-30,2.46591141,4.60023214,4.46104520,3.93270284,2.33441313,2.85078984,46.79177559,2.66212226,5.77169235,51.18245722,51.86212731,2.64679063,1.97194306,2.78253003,2.78253003,2.78253003,2.05539291,46.93176069,3.78265540,7.31345944,1.97006022,2.97274675,43.85000637,39.89155265,3.48047633,9.64646989,1.15751693,16.06193149,16.06193149,16.06193149,2.36643580,2.93843785,3.49125464,3.81042804,6.50359105,3.96188041,47.99889460,1.70045379,5.15726233,6.23875917,3.75063303,4.37380086,5.69855636,3.32231002,7.33585316,6.43119434,49.03851121,2.99209059,2.49911180,4.12318548,5.44202676,7.43847593,8.71698544,2.64503878,4.84521202,2.79174483,2.79133808,44.45378190,6.10983954,3.59802038,9.52583068,6.48050788,4.35970648,2.37349280,5.09310215,5.03729936,9.48545507,5.32287536,9.44788402,38.52231238,41.63833706,8.88702101,3.74916247,4.69355331,0.88139701,0.97291090,0.97291090,,,,,,,,,,,,,,,,,,,,,,,,,,,,,,,,,,,,
sp_P39899_NPRB_BACSU:0-33,4.07660220,1.85580473,2.21469756,1.80592444,1.84885722,3.02718083,48.96489460,43.55442710,2.11488111,51.40138350,53.31796460,43.23823267,4.25406048,2.77101368,2.77101368,2.77101368,2.73400961,41.61673795,2.93890224,5.57169740,4.77616686,7.69628676,2.59311438,2.16090409,1.69436108,15.44709781,4.79119434,8.14874832,8.14874832,8.14874832,2.89620963,2.43035975,60.35693898,7.70887130,19.34352753,1.95263810,47.31224252,5.61397787,1.74666222,8.12995676,52.56674236,54.09403308,3.47319653,6.51069782,7.51735272,5.06610207,51.98065173,3.78338420,1.71273494,4.69100552,3.40374385,1.86782112,1.98573805,7.98853365,2.88306922,1.47808529,1.25004025,1.51841099,1.72251370,3.79073968,4.29583138,2.70294293,6.45282684,2.85205395,10.29747757,4.97192634,1.84657281,6.36616473,3.49713638,23.76069274,41.99341462,2.60477508,2.89074933,3.16489106,1.15101023,1.37497896,1.37497896,2.09389918,,,,,,,,,,,,,,,,,,,,,,,,,,,,,,,,,,,
sp_P05806_NPRE_BACCE:0-32,3.39812255,2.87821477,2.31716851,4.86542110,12.00175491,43.12973007,39.85487944,2.62389787,1.76155928,50.84212149,52.53147653,40.63266360,9.34068405,40.99121832,40.99121832,40.99121832,3.25187207,4.03227845,0.99823810,10.33226716,2.66367950,2.96552502,3.02363749,4.82301587,2.22459954,5.37318094,6.18519251,7.67777050,7.67777050,7.67777050,1.56863791,1.76136141,3.04930966,8.58377681,42.34901530,1.63273830,1.86831897,4.58301109,1.18050771,2.65190986,50.46273744,3.02354825,44.63873533,49.50857868,6.28522010,50.47539149,51.85127299,2.69029245,3.45458572,2.29987634,1.59844116,2.39174040,3.76698775,2.95110475,6.33475695,4.04630282,3.42655585,4.56091574,3.28683347,4.44483493,47.14939942,5.71533824,4.24601827,2.74891663,2.79962473,1.63738749,1.71221380,10.69600797,10.27532197,1.94571812,2.60168681,51.43227436,2.36038727,4.00878880,2.40217362,1.72237441,1.72237441,2.08253077,1.13486913,,,,,,,,,,,,,,,,,,,,,,,,,,,,,,,,,,
sp_P00800_THER_BACTH:0-33,3.18858704,3.25593538,3.36653701,4.78174864,2.86738503,2.00746892,52.67486733,5.37893663,7.16259959,53.10978047,54.93018306,53.50863846,6.78215244,53.28201571,53.28201571,53.28201571,7.33367967,50.24015433,7.66373521,8.96545033,8.41783652,4.42148032,1.58346115,6.76500169,1.75527416,5.16990338,3.99924838,8.48741164,8.48741164,8.48741164,2.98675046,4.60334170,6.35634898,4.41821787,5.66834223,3.66382951,51.82588446,4.58603954,2.32513194,6.54024372,53.68339416,54.33065879,7.34186820,7.49732973,6.49363881,9.15024817,54.68544119,2.94206548,1.71350506,4.41399048,5.75998348,9.76318413,3.46428659,3.86663312,3.96371440,2.54535103,2.26515970,7.31710988,3.43998687,4.94039333,4.29420140,4.33880387,3.49071778,2.49126026,7.71858945,3.47118550,48.20613332,5.70599827,2.06108969,3.54720179,5.41152904,2.88475312,49.54637619,3.55508407,2.17179466,11.89751183,11.89751183,2.88012711,1.16118770,1.11833058,,,,,,,,,,,,,,,,,,,,,,,,,,,,,,,,,
sp_Q59223_THER_BACSO:0-30,3.24634859,2.40805323,2.43644322,50.09634606,2.42894546,3.47713583,55.47148899,53.00215974,9.26909045,53.56740786,56.11627725,53.66078981,51.22441412,53.72110921,53.72110921,53.72110921,3.87029205,53.92088260,38.44509226,48.68203351,52.11246461,49.30380480,3.85072838,2.57810563,2.19563756,53.00866707,9.17058512,45.82867471,45.82867471,45.82867471,8.00954100,8.14603536,54.92989367,3.04229189,52.80571066,3.60934237,54.80260395,9.25623880,3.14034344,52.49305055,53.75795228,54.64554743,14.08984344,5.80893514,3.06618601,11.51886110,56.76768928,6.51849087,4.15261465,50.92394170,10.85549304,3.03145493,3.62399996,7.35283523,8.14667086,2.15520215,1.71109711,8.10829674,1.82893131,5.51361501,3.03491109,3.04694311,11.78824468,2.73401889,52.43017442,51.01046912,53.03736249,8.49326160,2.20571235,55.41397009,54.68645392,3.44314328,7.50746369,4.75470365,52.61897391,51.95901057,51.95901057,4.21789561,1.64729549,1.99570315,0.89120015,,,,,,,,,,,,,,,,,,,,,,,,,,,,,,,,
sp_P28842_SUBT_BACS9:0-31,2.16795285,3.30700531,3.72894791,4.53490884,4.02586427,2.37058850,5.87383337,18.48930425,3.92488291,4.62179556,6.70170218,2.01175381,2.27083158,2.92777892,2.92777892,2.92777892,2.58829199,5.36554624,1.14572745,2.78302553,2.68865126,2.87926894,3.61547022,3.72080477,3.99908916,23.13385091,1.03750011,5.98913643,5.98913643,5.98913643,4.25579580,3.92352081,3.28888577,2.60762964,4.81151486,3.10219491,40.21941908,2.57189235,2.07398240,2.88494712,7.87460915,52.63430470,2.76376019,3.97405464,5.55699455,3.04583315,2.17918784,2.34014292,2.16895529,3.45362504,5.13459282,2.69986060,0.84836254,2.71837634,2.31078531,2.09116326,1.87379817,2.51484120,1.71380283,6.45603887,3.08913531,11.07717360,3.27283476,3.21791152,3.80908008,3.08833190,20.34867841,8.32920699,7.00694952,2.54103465,4.76459948,4.48730906,3.26833648,1.95686415,4.10735035,2.61132973,2.61132973,1.78269723,1.67910484,4.71614236,2.48164479,4.93653048,,,,,,,,,,,,,,,,,,,,,,,,,,,,,,,
sp_P33377_PHL3_BACCE:0-32,7.69931651,3.72753870,4.47042172,2.20384703,1.80120892,5.81458422,1.77138967,?,1.39949521,3.87624590,5.88142545,52.33856332,53.79043220,53.58738430,53.58738430,53.58738430,1.55458315,8.30792030,55.44776023,7.10870209,1.51849607,2.23297504,5.13917592,2.17306874,1.85643918,51.83291472,?,53.45162412,53.45162412,53.45162412,5.88752206,2.97156245,2.01447578,4.64542837,5.27199827,4.76906831,50.85777731,47.16907119,4.27615855,3.37839029,5.31227452,3.36387885,3.15396910,5.35020758,6.83839025,4.04011764,1.04992483,8.66950463,6.98821176,2.28843020,2.42229014,2.14232429,55.36745074,3.16673756,1.12858076,2.21716613,2.79470162,1.98283913,2.46612877,14.32794754,10.21702466,51.74376289,2.18525628,1.78469903,2.77936806,2.80199675,2.25904818,12.89624888,54.39652542,50.16431040,41.43675470,4.15780297,2.43922497,2.44936646,1.76403525,1.76385735,1.76385735,7.59420007,2.28221642,51.07470693,7.32874624,54.83466015,2.04288984,,,,,,,,,,,,,,,,,,,,,,,,,,,,,,
sp_P11889_PHL2_BACCE:0-32,7.69931651,3.72753870,4.47042172,2.20384703,1.80120892,5.81458422,1.77138967,?,1.39949521,3.87624590,5.88142545,52.33856332,53.79043220,53.58738430,53.58738430,53.58738430,1.55458315,8.30792030,55.44776023,7.10870209,1.51849607,2.23297504,5.13917592,2.17306874,1.85643918,51.83291472,?,53.45162412,53.45162412,53.45162412,5.88752206,2.97156245,2.01447578,4.64542837,5.27199827,4.76906831,50.85777731,47.16907119,4.27615855,3.37839029,5.31227452,3.36387885,3.15396910,5.35020758,6.83839025,4.04011764,1.04992483,8.66950463,6.98821176,2.28843020,2.42229014,2.14232429,55.36745074,3.16673756,1.12858076,2.21716613,2.79470162,1.98283913,2.46612877,14.32794754,10.21702466,51.74376289,2.18525628,1.78469903,2.77936806,2.80199675,2.25904818,12.89624888,54.39652542,50.16431040,41.43675470,4.15780297,2.43922497,2.44936646,1.76403525,1.76385735,1.76385735,7.59420007,2.28221642,51.07470693,7.32874624,54.83466015,2.04288984,0.00000100,,,,,,,,,,,,,,,,,,,,,,,,,,,,,
sp_P09599_PHL1_BACCE:0-32,7.74435105,5.25525429,5.53640970,1.94945690,1.18951887,6.51145455,1.88001100,53.54792489,1.82497542,3.50326033,4.94478193,51.83207530,57.64820393,53.15763751,53.15763751,53.15763751,2.22098514,7.51983658,54.83199550,5.19660706,1.56132211,2.11187033,4.46669239,2.79420399,1.71258119,52.01566012,?,52.76896835,52.76896835,52.76896835,6.02444442,3.53900027,1.77751773,5.36958504,6.52154585,3.98194134,50.67839288,46.67892495,4.45891925,2.79212736,5.93128341,4.04237034,2.65801668,4.19545544,7.43655241,3.96861267,1.26474825,7.42180538,4.47623144,2.62658149,2.44865374,2.56703454,54.49579819,3.30870416,1.40883668,3.05635945,4.55073775,43.06905698,2.46187473,18.27545413,10.77581918,52.00773416,2.41750946,2.57994655,2.34671636,2.60268445,2.99935515,16.74301254,54.03095613,50.20901166,43.30328168,4.23035238,2.91153413,1.82069490,1.51830232,2.18941278,2.18941278,7.82957706,2.33643390,50.59985101,12.17584954,53.61163844,2.05410105,0.17071490,0.17071490,,,,,,,,,,,,,,,,,,,,,,,,,,,,
sp_P05618_CDGT_BACS0:0-32,1.71968774,9.60674832,10.09290458,2.09687318,45.42975780,2.02064495,1.42278125,1.97533446,2.57659774,1.22314885,1.52842278,4.20174575,3.14225454,3.63176881,3.63176881,3.63176881,3.11128416,3.25726224,4.96947433,17.55820011,3.53359111,2.84738019,5.25207920,5.48627983,1.10684018,5.60042312,2.25705102,46.98400697,46.98400697,46.98400697,2.12753015,21.26329997,46.98985409,1.91961741,0.81059473,1.87200051,4.52079159,3.07201051,1.38428297,3.16541099,3.85987657,6.04454417,1.87511289,3.39389924,2.18950260,2.05536801,4.00374247,38.34206371,14.97353939,7.75825339,29.89776483,7.51651685,6.26349837,7.26872115,1.65406648,2.29291037,1.72855751,3.18969248,2.59728584,10.41439170,2.00930196,10.29119718,3.18773138,44.11836997,4.70767861,3.60909587,3.25996859,4.66542210,6.91993839,3.12617420,2.30209271,2.42389422,4.16330813,5.60902112,3.55697246,3.34355789,3.34355789,2.67220589,5.31479233,24.32216282,1.44531052,2.64268009,2.69414625,3.47910572,3.47910572,3.31870972,,,,,,,,,,,,,,,,,,,,,,,,,,,
sp_P09121_CDGT_BACS3:0-32,1.71968774,9.60674832,10.09290458,2.09687318,45.42975780,2.02064495,1.42278125,1.97533446,2.57659774,1.22314885,1.52842278,4.20174575,3.14225454,3.63176881,3.63176881,3.63176881,3.11128416,3.25726224,4.96947433,17.55820011,3.53359111,2.84738019,5.25207920,5.48627983,1.10684018,5.60042312,2.25705102,46.98400697,46.98400697,46.98400697,2.12753015,21.26329997,46.98985409,1.91961741,0.81059473,1.87200051,4.52079159,3.07201051,1.38428297,3.16541099,3.85987657,6.04454417,1.87511289,3.39389924,2.18950260,2.05536801,4.00374247,38.34206371,14.97353939,7.75825339,29.89776483,7.51651685,6.26349837,7.26872115,1.65406648,2.29291037,1.72855751,3.18969248,2.59728584,10.41439170,2.00930196,10.29119718,3.18773138,44.11836997,4.70767861,3.60909587,3.25996859,4.66542210,6.91993839,3.12617420,2.30209271,2.42389422,4.16330813,5.60902112,3.55697246,3.34355789,3.34355789,2.67220589,5.31479233,24.32216282,1.44531052,2.64268009,2.69414625,3.47910572,3.47910572,3.31870972,0.00000100,,,,,,,,,,,,,,,,,,,,,,,,,,
sp_P30921_CDGT_BAC11:0-32,1.71968774,9.60674832,10.09290458,2.09687318,45.42975780,2.02064495,1.42278125,1.97533446,2.57659774,1.22314885,1.52842278,4.20174575,3.14225454,3.63176881,3.63176881,3.63176881,3.11128416,3.25726224,4.96947433,17.55820011,3.53359111,2.84738019,5.25207920,5.48627983,1.10684018,5.60042312,2.25705102,46.98400697,46.98400697,46.98400697,2.12753015,21.26329997,46.98985409,1.91961741,0.81059473,1.87200051,4.52079159,3.07201051,1.38428297,3.16541099,3.85987657,6.04454417,1.87511289,3.39389924,2.18950260,2.05536801,4.00374247,38.34206371,14.97353939,7.75825339,29.89776483,7.51651685,6.26349837,7.26872115,1.65406648,2.29291037,1.72855751,3.18969248,2.59728584,10.41439170,2.00930196,10.29119718,3.18773138,44.11836997,4.70767861,3.60909587,3.25996859,4.66542210,6.91993839,3.12617420,2.30209271,2.42389422,4.16330813,5.60902112,3.55697246,3.34355789,3.34355789,2.67220589,5.31479233,24.32216282,1.44531052,2.64268009,2.69414625,3.47910572,3.47910572,3.31870972,0.00000100,0.00000100,,,,,,,,,,,,,,,,,,,,,,,,,
sp_P17692_CDGT_BACS8:0-32,1.71968774,9.60674832,10.09290458,2.09687318,45.42975780,2.02064495,1.42278125,1.97533446,2.57659774,1.22314885,1.52842278,4.20174575,3.14225454,3.63176881,3.63176881,3.63176881,3.11128416,3.25726224,4.96947433,17.55820011,3.53359111,2.84738019,5.25207920,5.48627983,1.10684018,5.60042312,2.25705102,46.98400697,46.98400697,46.98400697,2.12753015,21.26329997,46.98985409,1.91961741,0.81059473,1.87200051,4.52079159,3.07201051,1.38428297,3.16541099,3.85987657,6.04454417,1.87511289,3.39389924,2.18950260,2.05536801,4.00374247,38.34206371,14.97353939,7.75825339,29.89776483,7.51651685,6.26349837,7.26872115,1.65406648,2.29291037,1.72855751,3.18969248,2.59728584,10.41439170,2.00930196,10.29119718,3.18773138,44.11836997,4.70767861,3.60909587,3.25996859,4.66542210,6.91993839,3.12617420,2.30209271,2.42389422,4.16330813,5.60902112,3.55697246,3.34355789,3.34355789,2.67220589,5.31479233,24.32216282,1.44531052,2.64268009,2.69414625,3.47910572,3.47910572,3.31870972,0.00000100,0.00000100,0.00000100,,,,,,,,,,,,,,,,,,,,,,,,
sp_P31747_CDGT_BACSS:0-36,2.23150270,10.69924265,11.04052911,2.91720744,48.25342802,3.12071678,2.03911798,4.00647964,4.51479592,1.75013442,1.57408037,5.08474711,3.62344171,3.90451028,3.90451028,3.90451028,4.99850072,5.09055278,5.50857561,39.86816560,4.78697771,3.40050826,8.00489466,11.06775039,1.78451709,6.48077974,3.24508011,45.87131985,45.87131985,45.87131985,2.76826883,8.68544031,47.11161648,2.11594764,1.81243468,2.66538695,5.09768399,54.41618835,1.94933535,3.83522062,8.25905249,8.25128412,1.44896359,3.21722654,2.15237933,1.86558130,4.02381292,5.03249945,8.99431294,9.16835172,33.61786047,7.17029578,5.62492856,4.06775479,2.43370488,2.48171324,2.28562790,8.15674543,2.73108247,7.42884803,40.73172661,5.25431463,3.41309078,43.07493448,9.91607851,4.22823430,3.39472404,3.45436041,43.33270191,4.43003995,3.75211951,2.17411478,4.04115315,9.05878119,4.53857994,4.58726706,4.58726706,8.59950588,8.13131192,37.84007508,1.95633624,4.35676965,4.78352458,4.95451402,4.95451402,4.91303748,0.25050486,0.25050486,0.25050486,0.25050486,,,,,,,,,,,,,,,,,,,,,,,
sp_P14014_CDGT_BACLI:0-36,1.64972172,8.65714902,9.07619228,3.75726232,48.12583494,41.94315336,5.27901074,9.61151136,4.37606499,1.58019067,2.02825632,4.90707835,3.14302340,4.02157128,4.02157128,4.02157128,5.32167350,6.01067183,5.27173703,36.63228005,4.98169404,4.20079389,6.64152400,13.66633449,1.40506471,6.31455673,3.72083652,45.61238320,45.61238320,45.61238320,3.08203981,17.21830029,47.18573500,2.22114322,1.82119398,2.49020449,4.33517206,53.88024317,1.46881223,3.53278087,6.61269646,7.90196806,2.26734583,3.85938689,5.11585733,3.60245565,4.14148115,3.99918839,8.03232182,7.57322891,24.64617237,7.01740703,6.47441939,3.92796179,27.08835509,2.13004730,1.82958941,2.54948997,2.68611189,8.00924936,40.77385853,3.55265900,4.60138941,42.73038671,9.94851399,4.67070154,3.00618596,5.04488186,42.97111857,3.97434287,3.26461838,2.40479809,2.80220131,7.40902738,4.00440420,3.92230251,3.92230251,6.18983477,3.56000911,38.58495021,1.48917480,2.67945699,3.15112674,3.28466477,3.28466477,2.89854550,0.21246289,0.21246289,0.21246289,0.21246289,0.10222691,,,,,,,,,,,,,,,,,,,,,,
sp_P31746_CDGT_BACS2:0-34,40.40472353,15.49656582,4.59321435,1.72506419,44.11668825,1.58611815,1.28414574,13.42252243,5.79461557,1.35168745,1.24610287,3.71291865,2.56997998,3.23825556,3.23825556,3.23825556,2.92798213,2.41277283,5.41074483,5.98044632,8.04066263,8.86449972,5.31847902,2.73103513,2.00174200,4.27377698,3.59287370,47.76183297,47.76183297,47.76183297,10.52659471,43.57987979,3.19956678,2.89848086,2.79511424,2.12412441,3.72709441,53.95328634,1.50006409,2.89822535,4.46094115,3.40916991,?,6.09413576,3.76165925,2.24205495,3.96177461,43.77257637,38.51778504,35.17901538,42.18875137,8.46040322,6.16796070,4.20931372,10.77231055,3.01615050,2.61852614,5.46155903,1.96909788,7.67445917,40.46988946,27.11222232,11.62483106,44.84225815,4.00069731,4.00427702,3.59291732,7.04698110,3.43973648,3.38883811,4.73182633,1.52168530,4.07790341,3.96590580,4.80624992,4.10457805,4.10457805,4.50380538,40.86587508,20.69739051,52.36466333,53.61957141,5.31296660,3.54219070,3.54219070,2.74378924,0.27183514,0.27183514,0.27183514,0.27183514,0.35838752,0.31382198,,,,,,,,,,,,,,,,,,,,,
sp_P27036_CDGT_BACOH:0-34,41.86049449,39.22935159,5.58743852,2.93004050,44.75635882,1.58611815,1.28414574,15.01170415,6.04488868,1.95581865,1.24610287,4.22969818,2.83005316,3.44534703,3.44534703,3.44534703,3.37539321,2.90974720,5.54264113,4.47490727,8.57696854,9.41793155,4.78966568,3.87990863,2.05395398,3.98790188,3.56852638,48.02557995,48.02557995,48.02557995,10.77451499,43.19024101,3.82201976,2.85701681,2.79511424,1.93370627,3.75933103,53.58234961,1.56037773,2.75584478,4.20760793,3.52203890,3.69227791,6.24943330,3.76165925,1.99443289,3.65627342,44.68524513,38.11560824,37.35063030,42.63150258,8.55834607,6.44694546,4.42190250,10.77231055,3.21654074,2.88098131,2.42199837,1.96447422,7.95445615,41.59060811,28.50662234,13.23771189,45.28519440,4.43484936,4.12400341,3.59291732,7.04698110,2.77204737,3.60169309,5.13024496,1.49470771,4.78630960,3.96230498,4.59434531,4.03618722,4.03618722,4.50380538,43.47693203,37.90614547,64.57881671,53.74667784,4.84298312,3.76857796,3.76857796,3.13510184,0.36856768,0.36856768,0.36856768,0.36856768,0.41306003,0.36623795,0.13175013,,,,,,,,,,,,,,,,,,,,
sp_O07921_CHIS_BACSU:0-40,45.83104982,7.94328913,8.67446492,14.26242732,46.10234889,15.74604700,42.57531453,4.41305369,19.02220791,20.05014293,12.50266617,4.23084563,3.59634166,4.42926220,4.42926220,4.42926220,8.90119338,43.78979184,3.78999474,6.26377733,5.82516355,5.48809471,3.94173445,4.26278331,1.90751977,7.27639855,4.12595615,46.03674173,46.03674173,46.03674173,9.51670697,9.81418131,45.89335192,5.72310616,1.96004493,6.45420688,11.55510131,52.80751172,44.78680482,45.38155162,50.55020276,50.59641125,6.17127248,4.38244437,3.23665564,5.45222146,6.41615189,4.79434829,3.34862022,7.39983236,11.36209973,5.97247694,32.55268312,11.71647920,5.07658476,2.97938925,2.79064635,50.19939440,44.84572126,47.86802780,4.07952025,43.39115097,11.78039643,41.58772295,5.24263731,4.12405874,48.53234560,47.66196168,10.75485148,52.02758762,50.04847560,49.28692463,44.08008565,7.07626690,6.03484422,10.20465354,10.20465354,5.03769666,3.52973857,7.02546583,1.17874386,3.69433076,6.75191783,53.86398035,53.86398035,53.95697047,1.72585099,1.72585099,1.72585099,1.72585099,2.48436545,2.23544778,2.64129047,2.50445215,,,,,,,,,,,,,,,,,,,
sp_P94449_PEL2_BACIU:0-29,5.49873967,19.11283702,20.48903276,4.29132411,1.81981189,33.19629587,2.16950377,9.27206706,3.53729667,4.08548233,2.88043074,2.86839579,5.29816661,6.66627117,6.66627117,6.66627117,1.87562079,2.05995333,3.64690956,3.84324544,9.81035717,10.05831310,1.93955025,2.95358093,3.26350825,4.73053922,1.16583119,3.89873448,3.89873448,3.89873448,3.55084602,2.27547782,1.66131576,1.81467333,13.22478486,1.83345773,4.62310146,2.53010866,2.11656041,2.42368437,1.86856496,3.39490729,9.58814712,2.49659985,0.96930326,52.92985615,7.24676286,1.58526715,2.16082427,6.45381558,3.80527555,10.38867487,1.07343806,2.88594444,?,2.08997337,1.41386632,49.81901209,14.10848317,16.71189508,6.31730865,3.36666030,7.18370229,4.99509318,3.01836965,2.93949248,7.76493627,11.10888662,6.27267455,1.61848491,2.22345717,3.40653604,6.31113440,5.33661580,7.45384553,5.11919680,5.11919680,3.56793551,43.17858817,3.62906578,5.43682414,54.06881917,1.25906394,8.86732808,8.86732808,7.74426326,3.04077971,3.04077971,3.04077971,3.04077971,4.49021967,3.33303132,3.44425026,5.37503722,1.92702648,,,,,,,,,,,,,,,,,,
sp_O34819_PEL1_BACSU:0-29,4.78710684,19.11283702,20.48903276,4.29132411,1.83472406,33.19629587,2.16950377,9.27206706,3.67849215,4.08548233,2.88043074,2.90293956,5.14248652,6.39018252,6.39018252,6.39018252,1.62506047,2.05995333,3.07443310,3.94646306,9.42495055,9.68030091,2.30255177,2.95358093,3.26350825,5.58108921,1.49518466,3.72327078,3.72327078,3.72327078,3.54914791,2.27547782,1.59405797,2.07504588,13.22478486,1.94969710,5.66740279,2.48985576,1.93671488,2.83202312,2.25719276,3.50713151,9.58814712,2.49659985,0.96930326,52.92985615,8.51572037,1.48342291,2.16082427,7.22214940,4.29654043,10.80004648,1.31484174,3.14138274,?,2.35733581,1.79423922,49.81901209,14.10848317,16.71189508,6.31730865,3.36666030,7.13643532,4.79956699,3.01836965,2.84311655,7.76493627,11.10888662,6.52952437,1.80827892,2.48232156,3.40653604,6.67670897,5.86497846,7.23739686,4.85977233,4.85977233,3.56793551,43.17858817,3.62906578,5.43682414,54.06881917,1.25906394,8.86732808,8.86732808,7.74426326,6.00458216,6.00458216,6.00458216,6.00458216,7.68524172,4.12455560,?,42.84839227,2.28663336,0.06405490,,,,,,,,,,,,,,,,,
sp_O32041_YRVJ_BACSU:0-32,7.62764734,6.34729607,6.56052664,2.55094490,5.49266677,7.36979988,3.86979851,1.33062954,3.42317679,1.89793027,2.47399252,4.38618418,4.75873030,4.59192308,4.59192308,4.59192308,4.09074112,18.68150454,4.14951199,9.36481275,6.91852147,6.88641296,30.72108259,4.83662316,2.51818511,6.73780212,2.64473274,10.65674626,10.65674626,10.65674626,5.17705121,5.63400393,50.83004167,2.81186277,1.00689436,3.63180531,15.00669054,52.15182959,2.87283994,9.64030815,5.51895659,11.10379306,3.16439590,3.72648969,3.31660354,5.80796601,5.06612195,7.20257488,3.92912161,4.20061661,3.87837953,4.40180268,54.85991839,3.83496495,7.20346017,2.30891829,1.93111313,4.72764147,4.01051202,3.56987512,5.78842651,6.32775709,3.49925758,3.85448754,3.16051678,3.95672171,1.92411703,10.37709616,3.98684280,2.26842985,2.00647766,46.92503344,18.81098754,2.98896951,4.52544911,4.70913969,4.70913969,4.05425239,4.13378211,6.08264615,2.42033084,3.88773483,2.50380208,4.74048314,4.74048314,5.07254708,2.35079060,2.35079060,2.35079060,2.35079060,2.52457350,2.12219402,2.94681747,3.04854365,2.33510451,2.19015375,2.67138613,,,,,,,,,,,,,,,,
sp_O34313_NTPES_BACSU:0-40,3.81223312,16.86113298,19.19367148,4.35539132,7.57523665,3.50739529,4.37022887,4.09681525,2.37930789,2.60653963,2.19923121,48.05913663,47.32315135,49.35885665,49.35885665,49.35885665,3.30277752,47.75550777,51.19690429,2.91672308,6.45741432,2.96880311,3.94058326,39.30745139,4.89848107,3.13385973,4.52291125,9.62178751,9.62178751,9.62178751,3.76084765,2.76690472,1.80577731,2.01857146,2.26422183,1.70393876,44.35526490,18.36657765,3.35676112,1.28197119,1.84148275,3.29088044,9.48570888,10.80155550,2.54497944,3.43525460,5.89522375,4.70900324,36.62717923,15.07438526,5.49039956,51.29096614,4.35093296,3.48184409,4.18352500,14.20413043,6.08876712,16.73960913,7.02674942,6.41810609,47.77920233,47.25649784,41.01248592,11.69585198,2.65591701,2.76040651,8.02232000,36.57559479,3.96956207,2.31399827,2.73883547,4.13429437,30.95136993,5.75804269,3.70115547,1.78107232,1.78107232,12.98496976,13.54996853,7.61525060,50.17021215,51.47880265,7.61634308,6.58428162,6.58428162,6.57076771,1.73694798,1.73694798,1.73694798,1.73694798,2.02913695,2.50578344,2.47268715,2.47393646,5.60181163,3.19999903,3.19999903,2.68249062,,,,,,,,,,,,,,,
sp_P96740_PGDS_BACSU:0-32,47.22067994,4.59251228,5.48905554,2.01824486,48.27456607,24.56045739,4.00593711,2.50491036,43.34663832,7.34647507,2.99739698,3.27741403,2.74693807,2.56599012,2.56599012,2.56599012,4.00045204,7.33540169,3.37843351,3.96553522,4.69351153,3.70883284,39.64405502,5.02776002,2.04890008,48.58566864,49.76811726,45.33916918,45.33916918,45.33916918,3.35028780,2.74529188,52.51330289,4.16002115,1.57666411,37.37917242,47.71295606,6.19911367,48.69510914,49.98616772,50.83727583,51.47814260,3.37528935,6.00710882,3.68386531,4.60340835,2.91204404,4.11165170,5.23109437,5.15750637,5.56131679,3.93652026,50.70265166,3.09676845,2.58748941,2.88458277,2.30120602,39.03631866,2.72566491,2.00099637,6.77315409,4.29712954,6.70322623,32.44060781,3.35240035,42.10867825,1.28727324,46.28711806,42.50389544,4.55524697,4.76491349,48.01953573,3.53843061,4.34174679,43.79200181,41.63199867,41.63199867,2.84430614,2.51153660,2.44106812,3.10242254,4.40624268,4.07773100,3.12208869,3.12208869,4.25193597,5.02807530,5.02807530,5.02807530,5.02807530,5.31953842,5.76729083,6.22607981,6.36251231,5.52596307,41.49622567,45.46928918,3.83674722,51.95270987,,,,,,,,,,,,,,
sp_P16396_SUBE_BACSU:0-32,4.66171500,7.97068112,8.92865027,2.03121779,2.80229974,43.25091813,2.25809243,12.22640489,2.64623242,4.14343971,52.11966966,10.05073576,22.69239463,22.66767422,22.66767422,22.66767422,1.66693446,4.48839890,39.56630736,10.27738676,6.36752531,6.65812229,4.13857265,3.00451934,1.51626850,5.78266791,7.20142723,5.67334230,5.67334230,5.67334230,2.75179090,4.11992482,1.97507181,5.18433484,44.52058151,2.68113844,4.00229099,3.73444855,5.13131183,5.33155270,4.05076589,6.04524424,45.93009656,56.45582376,1.26080394,49.93101448,52.16768946,2.86084613,8.56863993,7.80359416,4.07364321,52.23816938,4.40789484,6.12577005,56.14365250,3.47689733,2.61572075,48.89033886,7.45611958,5.79262729,53.44761971,2.56442228,4.93670175,2.73479836,3.76932612,3.65935591,2.71842731,5.74296823,4.21645458,4.35193259,4.59879601,2.67650170,3.02573696,5.62032085,2.15509544,1.47893084,1.47893084,14.27442315,2.34448984,2.56136287,4.39566446,4.28518914,3.74611669,1.63106951,1.63106951,1.71992636,45.49351471,45.49351471,45.49351471,45.49351471,45.82137005,45.85966695,43.58730450,44.33205708,43.88066152,2.80252492,2.73089640,7.36002871,31.80466566,46.24189023,,,,,,,,,,,,,
sp_O82833_GELLY_BACSP:0-33,1.70254713,4.10575475,3.86646482,3.25506337,1.87571582,2.08487338,1.96277202,3.86932044,2.43259841,3.19360493,3.36536404,1.66427590,1.75989989,2.41299981,2.41299981,2.41299981,1.72140284,2.78496700,0.92053887,2.28434094,3.08689890,2.52614193,1.93786661,3.16970513,1.51800348,9.25659064,2.29979841,1.84954640,1.84954640,1.84954640,2.51665843,2.30233833,2.86384919,1.32660708,1.62312209,1.28526183,2.12986479,1.79074991,1.91347105,2.20080747,4.29707541,48.49385410,3.14489982,7.13312659,3.59650795,2.54891537,52.27609227,2.75752744,3.13640899,1.65162137,1.90617370,2.40436944,1.84224591,1.67347245,4.58930427,2.13290411,1.74174486,40.76616328,1.90163978,5.51224653,3.09599873,89.66103718,3.19127390,1.58392430,4.24563211,2.12933084,2.68403320,5.81452015,3.53730624,1.26611639,1.08422199,5.03857908,1.97703797,3.00966478,6.05796093,3.98484287,3.98484287,2.75419986,2.74818207,2.41347099,2.92221089,3.30271523,1.95719330,2.56588950,2.56588950,3.17710129,1.02976275,1.02976275,1.02976275,1.02976275,1.25640480,1.14968361,1.29790066,1.38401063,9.30397244,2.72298115,2.72298115,1.67395904,2.56285579,1.13062278,3.23317692,,,,,,,,,,,,
sp_O66037_PHYT_BACSD:0-31,1.62099041,4.48577920,4.39685966,6.88120164,10.72374951,7.69048385,1.62383192,1.86494219,8.85893393,3.07787903,3.09413046,1.79758895,2.19121726,1.58644093,1.58644093,1.58644093,3.32022761,4.37579605,?,2.17113713,3.20448609,2.39073294,27.54675616,5.82580077,1.47732346,2.02873233,1.26035041,2.62405224,2.62405224,2.62405224,2.19021159,2.92655074,3.45800562,1.61446277,2.80372527,2.17678759,3.24866001,2.18072297,1.00078556,0.79680322,3.39430004,4.70327204,3.71242123,4.66491379,3.53850870,1.91290283,0.60425630,3.12854813,5.57803729,1.97675135,2.11278060,2.70998835,1.46712263,2.23751090,2.95783901,1.11611933,1.75952408,67.75137618,3.10667351,9.17245459,2.17605577,40.62081441,1.77413029,2.05539045,3.61118510,1.03135827,3.10043239,2.98862346,2.85703742,0.77033585,0.60575548,2.36211499,1.82520085,3.51198357,4.30116104,3.43582139,3.43582139,3.12738095,4.07365225,2.47430577,4.12731661,53.80187342,2.43882038,1.42552078,1.42552078,1.83075221,1.80992366,1.80992366,1.80992366,1.80992366,1.62172472,2.45371423,2.72810095,2.72810095,7.64885794,1.80346611,1.80346611,2.07728170,4.72556805,3.75158138,2.06841634,1.52328830,,,,,,,,,,,
sp_O31097_PHYC_BACIU:0-31,1.62099041,4.48577920,4.39685966,6.88120164,10.72374951,7.69048385,1.62383192,1.86494219,8.85893393,3.07787903,3.09413046,1.79758895,2.19121726,1.58644093,1.58644093,1.58644093,3.32022761,4.37579605,?,2.17113713,3.20448609,2.39073294,27.54675616,5.82580077,1.47732346,2.02873233,1.26035041,2.62405224,2.62405224,2.62405224,2.19021159,2.92655074,3.45800562,1.61446277,2.80372527,2.17678759,3.24866001,2.18072297,1.00078556,0.79680322,3.39430004,4.70327204,3.71242123,4.66491379,3.53850870,1.91290283,0.60425630,3.12854813,5.57803729,1.97675135,2.11278060,2.70998835,1.46712263,2.23751090,2.95783901,1.11611933,1.75952408,67.75137618,3.10667351,9.17245459,2.17605577,40.62081441,1.77413029,2.05539045,3.61118510,1.03135827,3.10043239,2.98862346,2.85703742,0.77033585,0.60575548,2.36211499,1.82520085,3.51198357,4.30116104,3.43582139,3.43582139,3.12738095,4.07365225,2.47430577,4.12731661,53.80187342,2.43882038,1.42552078,1.42552078,1.83075221,1.80992366,1.80992366,1.80992366,1.80992366,1.62172472,2.45371423,2.72810095,2.72810095,7.64885794,1.80346611,1.80346611,2.07728170,4.72556805,3.75158138,2.06841634,1.52328830,0.00000100,,,,,,,,,,
sp_P42094_PHYT_BACSU:0-31,2.51016173,9.76963138,8.23808512,7.98478697,42.28415713,4.64212969,1.57508693,2.14799598,26.33097538,4.00773615,3.03051480,1.79758895,1.91511851,1.58644093,1.58644093,1.58644093,2.95401016,3.99924312,?,1.92737137,2.66087582,2.09520581,27.51679999,5.72843280,2.08136564,1.75187402,1.06410099,2.84622947,2.84622947,2.84622947,2.19545786,2.26686295,3.79896149,1.44451601,7.83674396,1.99701965,3.32297986,2.64738758,1.13020925,1.16056299,4.06302670,3.30104998,3.94287508,7.29310456,2.79936359,1.96959603,0.60362026,3.62184266,5.09642793,2.80289259,3.13755759,3.14985394,1.56522427,1.73692278,3.80560411,1.19203454,1.35071014,3.36271340,2.88545704,43.57414857,2.32633038,6.43206989,3.50872975,2.42265727,3.97948751,1.37076255,2.59745711,3.44306466,5.37686471,0.88870932,1.03973256,57.43930473,1.40251478,3.06733901,6.08676798,3.29821290,3.29821290,3.66447268,42.30596188,2.56279417,53.47237110,56.30132560,2.41924204,1.87420054,1.87420054,2.44039649,1.54173131,1.54173131,1.54173131,1.54173131,1.74467335,2.04940811,3.51786224,3.51786224,10.84656939,1.66742361,1.66742361,2.94025539,4.82854222,2.39748399,2.20354232,2.15042720,0.65349659,0.65349659,,,,,,,,,
sp_P05656_SACC_BACSU:0-29,1.17951417,2.93704431,3.22194057,52.25943258,6.34401959,7.55687545,2.02689101,6.36339397,12.24999790,3.57958787,50.44339956,4.33980074,54.64484647,4.31274604,4.31274604,4.31274604,50.90249082,2.93751194,?,1.73692696,4.20991965,2.15809106,3.47015430,3.89961969,1.87882421,9.63908894,1.31976543,5.31035772,5.31035772,5.31035772,2.78316028,49.55561103,6.67172137,2.19483620,50.08331358,49.27272827,41.91534437,56.07586678,1.43367041,3.32201946,3.44606434,2.78289263,8.75485192,55.25011441,50.18597320,51.02766390,1.34122216,52.73064201,21.29962623,51.11488514,51.04183869,52.82737904,15.23520587,1.28814290,8.69221475,2.82813974,2.30211003,9.76166205,51.74355723,14.33481521,56.88818242,56.36265932,3.11785768,3.26336850,52.95970322,51.99802013,52.76614808,4.41468661,52.94779871,2.44485163,1.51788256,54.81834374,3.70398662,53.52905631,53.82385125,1.84334846,1.84334846,51.02162920,54.02986867,50.76398123,53.74092835,54.91497787,53.62383421,5.12403209,5.12403209,54.03976351,1.48454830,1.48454830,1.48454830,1.48454830,50.16192028,51.11292789,54.55138470,54.55138470,50.40279091,6.77384951,6.77384951,46.36238332,32.78937747,54.40931504,5.47496840,50.14826093,3.48150504,3.48150504,3.48018982,,,,,,,,
sp_P06278_AMY_BACLI:0-34,53.65296936,50.31924907,48.85743109,3.88863802,51.05523037,10.28328070,52.85127207,3.82479694,32.77030552,52.53749726,53.44778337,2.46230683,2.81061945,2.37247999,2.37247999,2.37247999,3.48245722,5.20298615,2.17260297,5.87570890,2.86509548,2.50478675,9.07170449,16.87718601,14.13967636,6.01194379,40.81247757,5.11448650,5.11448650,5.11448650,8.84760065,6.87420232,4.18963005,16.04577694,50.51046546,7.44747982,51.48873600,47.81243624,6.40912280,50.49847122,50.78610803,49.24013121,48.83609190,52.19575251,4.59439076,5.36074393,53.69988005,4.51526266,3.73841270,2.45438710,3.94061639,2.94643843,6.74745530,6.04232923,2.59852508,5.35414187,5.95030119,45.23051784,3.12430991,53.06830544,4.48157963,51.88312778,50.04131408,49.61924893,8.44319308,45.38537515,7.12681145,9.27565517,44.11927882,22.79081800,7.30280057,54.94308775,4.63341233,3.58979734,14.34903774,11.96310096,11.96310096,52.37469542,50.15920940,10.75427666,53.10495898,55.30449712,46.18526484,52.98560659,52.98560659,52.68179163,7.64488032,7.64488032,7.64488032,7.64488032,6.11851549,19.85207477,14.50476423,16.07958170,4.57016773,54.30226674,54.30226674,5.38215182,50.49765105,5.72934008,52.42701754,8.82679955,37.51206667,37.51206667,29.80887152,52.09872591,,,,,,,
sp_P00692_AMY_BACAM:0-36,52.74516355,48.95665647,46.74458054,3.10412379,50.33630922,51.09042028,53.49898212,4.01247485,13.81565475,65.63940244,54.10362062,3.30413532,3.38925917,3.20282123,3.20282123,3.20282123,4.62147882,4.17531622,3.37873385,7.25546497,2.82647813,2.68866345,4.70867902,6.86418552,7.91884987,3.66589879,11.12401086,21.30363418,21.30363418,21.30363418,5.56011004,3.58356952,6.97518769,6.78998036,51.22829129,4.07550521,65.19977858,38.36628119,3.27267458,55.75618142,48.39679450,48.72547648,49.19289414,7.38568958,4.49647944,4.60411746,54.23589354,4.07310528,3.54962358,3.07884866,3.84965351,3.08566188,6.56417321,4.74098400,3.92468558,3.62269890,3.79893966,46.68309699,2.10026083,53.58472881,7.39050920,51.98076777,47.87202277,46.09076090,4.52196773,7.89850440,5.22285561,9.39628791,27.44754073,2.84475615,2.12230341,54.48745345,4.68395571,3.22023292,11.86348990,8.65744402,8.65744402,52.64523528,8.27234663,5.09223873,52.91275098,7.68346011,45.84390826,52.09984524,52.09984524,52.38501878,6.61248035,6.61248035,6.61248035,6.61248035,4.73222972,5.10166615,6.05419691,6.74090200,3.97898862,53.69319273,53.51263830,2.69058266,5.59012353,4.61553628,7.05298039,7.52917163,41.32257229,41.32257229,37.07635301,52.57144912,0.24256390,,,,,,
sp_P19571_AMT6_BACS7:0-38,53.32984387,49.10094722,47.01226268,3.04751389,3.69186056,50.60979623,53.12114738,5.58668308,9.31394235,52.70885836,53.26990967,4.73870046,3.74510753,4.51702386,4.51702386,4.51702386,3.26021958,7.20649152,4.60414451,11.69671543,3.33746711,3.05694308,5.80308385,3.74239254,10.28728445,5.98119893,8.38256783,25.44403432,25.44403432,25.44403432,6.16953373,2.78063950,58.05443520,8.36252686,6.19237267,3.90545999,49.61121554,15.06577639,4.27303533,48.25807766,47.91900063,47.75208811,48.42158266,51.89016896,4.47496229,3.70513214,52.04029532,4.22835145,3.51762926,1.69478299,1.76353657,2.19948418,4.90066411,4.07725395,6.90254850,3.73183061,4.38290373,45.03536377,1.60773122,53.12954999,5.75605708,52.33665347,47.33535133,10.17664068,4.63594110,4.33220859,2.37060071,11.87578169,18.01152820,1.80970751,1.78599030,54.43832491,2.79600166,3.21285565,10.35057289,6.92295198,6.92295198,9.61326408,5.67898149,3.75523387,6.85371451,4.09714836,6.63509746,51.47617973,51.47617973,51.80901011,15.01586327,15.01586327,15.01586327,15.01586327,34.34597003,39.08505459,37.73613954,39.49041222,4.62551019,54.07223539,53.95839426,3.03425215,4.17812514,4.33223245,5.46271613,5.66019823,10.98318670,10.98318670,2.80119347,52.47885590,0.57916556,0.48050607,,,,,
sp_O31526_YESW_BACSU:0-40,50.70624023,45.71441658,44.74959229,9.57773505,41.58893004,50.31179707,3.48172916,6.40385627,5.21869198,53.01485818,46.22460188,4.35406855,4.55552179,4.06026579,4.06026579,4.06026579,7.62007584,3.95570699,1.22593249,11.15898833,6.84967270,3.29409279,4.18576086,8.35946036,51.32605767,48.50361700,6.03703391,3.11888783,3.11888783,3.11888783,49.48276069,6.71480691,51.93955491,2.40823255,11.65323967,3.15980033,2.34516470,6.96119267,53.94846091,19.27326944,48.29566258,48.80335648,7.43302472,55.42764157,2.39313458,2.91574737,4.23219752,3.24955455,2.46696744,52.46067991,8.67152162,4.15650127,5.65413935,1.62002465,51.89553226,5.40265571,5.58736749,47.71083909,36.52413158,4.27823100,54.87802084,8.40702146,27.80412932,35.49813804,3.39606873,4.69450992,38.45366270,10.04065952,12.23120730,1.16878179,1.07853222,55.90696173,49.58610018,25.96545425,12.03822769,6.20490227,6.20490227,6.23999448,15.84802226,6.38595040,7.81830008,5.45021999,24.86875889,8.77449691,8.77449691,9.12848108,4.03378731,4.03378731,4.03378731,4.03378731,3.02690213,3.78544705,1.31911474,1.31911474,3.96626952,55.36305518,55.36305518,1.41176561,13.26043489,5.21404578,52.04474270,3.51111794,9.90556864,9.90556864,6.07929812,49.29135954,5.31418439,4.59108129,4.54520212,,,,
sp_P54422_GGT_BACSU:0-33,3.71451268,4.44910954,5.06773195,11.04953102,6.18690630,7.70344337,2.20000031,2.09165163,3.95423549,5.69430853,4.49717729,3.03881587,7.16387881,6.07372405,6.07372405,6.07372405,3.70967856,40.17700363,38.30292278,5.38835907,30.13124619,31.46725503,24.52513898,5.60693101,3.13112367,2.30323864,3.07241681,5.08217230,5.08217230,5.08217230,2.90370147,4.82283298,6.00379637,3.46609684,2.00718166,2.40953636,8.07213717,2.69544311,2.68898678,7.41575271,4.99932705,5.08430034,3.22456227,3.65211089,4.72867006,6.67261290,54.09680286,9.30270919,14.63048932,15.19770642,6.79833812,48.10507536,6.95733635,3.79042567,2.46344357,3.93736916,5.63427221,3.67704446,8.84449935,3.44962251,14.57324498,19.89317728,3.69436622,6.28519678,3.78162760,3.23205325,5.25737739,4.17855176,6.01125542,2.34116560,2.14551870,3.68227539,4.41666732,4.82226392,5.13138480,8.05904246,8.05904246,4.68015970,40.73893529,39.37953864,4.73020555,8.50583934,4.94620676,5.86469290,5.86469290,49.29240926,2.58742780,2.58742780,2.58742780,2.58742780,3.40252464,4.27888342,4.34570236,4.60731790,9.14364041,3.17375339,3.46056495,2.70231048,6.42571885,5.02288497,4.59601150,5.26865501,2.38658189,2.38658189,1.96922518,3.83002544,51.52267587,50.41413613,50.24569530,3.34172924,,,
sp_P63186_GGT_BACNA:0-33,3.46363191,4.46392723,5.10659848,11.33102370,6.20198626,7.70344337,2.20000031,2.09165163,3.84884726,5.69430853,4.49717729,2.82606402,6.77724673,5.63812189,5.63812189,5.63812189,3.58402445,39.99894339,9.56503531,7.83264400,28.82184902,30.17782795,25.27644489,5.60693101,2.81427327,2.42257761,2.99203073,5.08934522,5.08934522,5.08934522,2.70930571,4.81506155,5.89542637,3.41454085,2.00718166,2.27550677,8.13716714,2.47368328,2.42361394,7.54650228,4.69344382,5.06694241,3.22456227,3.43036084,4.72867006,6.25460371,54.20477972,8.32090750,14.63048932,13.49941779,5.84175071,48.05980454,6.63602780,3.53523098,2.46344357,3.80049624,5.63494951,3.67704446,8.27253020,3.44962251,14.57324498,19.89317728,3.47554200,6.35312716,3.46974782,3.02308253,5.25737739,4.17855176,5.83127268,2.42395683,2.20917006,3.33220789,4.26227107,4.65430720,5.13998385,8.11960453,8.11960453,4.68015970,40.98229173,39.37953864,4.52928718,8.56437137,4.94620676,5.86469290,5.86469290,49.29240926,2.58742780,2.58742780,2.58742780,2.58742780,3.40252464,4.27888342,4.34570236,4.60731790,9.14364041,2.91507135,3.19013019,2.51927914,6.33847223,4.85353806,4.45020477,5.26865501,2.38658189,2.38658189,1.96922518,3.83002544,51.50667864,50.42649536,50.22814115,3.34172924,0.02955109,,
sp_P42983_NUCB_BACSU:0-31,4.27544087,2.87816685,2.60191320,44.31227568,2.45096322,9.55028936,3.12471458,1.43271426,2.61425501,41.55470275,46.91815972,44.75544750,4.68159067,3.94484734,3.94484734,3.94484734,2.77901228,44.60515335,5.72925457,4.76016763,3.95416776,7.45870203,2.08860295,2.50963457,2.84002402,3.42680690,4.00144668,8.82680448,8.82680448,8.82680448,32.78278757,2.97802069,56.54270328,4.35048086,13.62177047,4.91452255,3.01956761,40.03444423,12.69355347,36.48590329,3.03601947,3.24131385,47.20631007,42.81847835,12.51205189,50.13444903,54.74888673,41.16195399,46.28726999,3.13278003,2.13726634,3.21919888,4.02499315,2.10465491,0.95728015,3.46847011,2.79210084,3.51277714,4.25731904,3.25757939,43.86065419,5.32020849,8.55153811,6.19890153,9.10282151,10.55300517,2.12940691,2.74497807,7.70663457,3.38147452,3.60865242,37.63592695,2.84273705,5.76349511,5.24458208,2.29067705,2.29067705,3.59848084,1.95220868,1.89184011,4.10477658,2.76511596,6.54283735,1.96110088,1.96110088,52.55922924,46.63849966,46.63849966,46.63849966,46.63849966,47.02967474,46.55273198,45.72841227,45.84810947,49.14766611,4.08375903,4.69519576,4.42228647,5.91087001,2.76040688,2.45176819,2.24894882,4.94695183,4.94695183,2.49949479,3.51939231,48.36499912,45.15814227,45.78599269,36.10913618,4.19873476,4.14383454,
